alpha3,SPEC,IUCN,Value
AUS,MAMMAL,TOT_KNOWN,402
AUS,MAMMAL,ENDANGERED,37
AUS,MAMMAL,CRITICAL,5
AUS,MAMMAL,VULNERABLE,67
AUS,MAMMAL,THREATENED,109
AUT,MAMMAL,TOT_KNOWN,101
AUT,MAMMAL,TOT_KNOWN_IND,101
AUT,MAMMAL,ENDANGERED,6
AUT,MAMMAL,CRITICAL,4
AUT,MAMMAL,VULNERABLE,17
AUT,MAMMAL,THREATENED,27
AUT,MAMMAL,ENDANGERED_IND,6
AUT,MAMMAL,CRITICAL_IND,4
AUT,MAMMAL,VULNERABLE_IND,17
BEL,MAMMAL,TOT_KNOWN,84
BEL,MAMMAL,TOT_KNOWN_IND,65
BEL,MAMMAL,ENDANGERED,2
BEL,MAMMAL,CRITICAL,4
BEL,MAMMAL,VULNERABLE,12
BEL,MAMMAL,THREATENED,18
BEL,MAMMAL,ENDANGERED_IND,2
BEL,MAMMAL,CRITICAL_IND,4
BEL,MAMMAL,VULNERABLE_IND,12
CAN,MAMMAL,TOT_KNOWN,221
CAN,MAMMAL,TOT_KNOWN_IND,209
CAN,MAMMAL,ENDANGERED,10
CAN,MAMMAL,VULNERABLE,31
CAN,MAMMAL,THREATENED,52
CAN,MAMMAL,ENDANGERED_IND,10
CAN,MAMMAL,VULNERABLE_IND,31
CZE,MAMMAL,TOT_KNOWN,91
CZE,MAMMAL,TOT_KNOWN_IND,77
CZE,MAMMAL,ENDANGERED,1
CZE,MAMMAL,CRITICAL,10
CZE,MAMMAL,VULNERABLE,4
CZE,MAMMAL,THREATENED,15
DNK,MAMMAL,TOT_KNOWN,67
DNK,MAMMAL,TOT_KNOWN_IND,58
DNK,MAMMAL,ENDANGERED,1
DNK,MAMMAL,VULNERABLE,10
DNK,MAMMAL,THREATENED,11
DNK,MAMMAL,ENDANGERED_IND,1
DNK,MAMMAL,VULNERABLE_IND,10
FIN,MAMMAL,TOT_KNOWN,75
FIN,MAMMAL,TOT_KNOWN_IND,67
FIN,MAMMAL,ENDANGERED,4
FIN,MAMMAL,CRITICAL,1
FIN,MAMMAL,VULNERABLE,2
FIN,MAMMAL,THREATENED,7
FIN,MAMMAL,ENDANGERED_IND,4
FIN,MAMMAL,CRITICAL_IND,1
FIN,MAMMAL,VULNERABLE_IND,2
FRA,MAMMAL,TOT_KNOWN,125
FRA,MAMMAL,ENDANGERED,4
FRA,MAMMAL,CRITICAL,3
FRA,MAMMAL,VULNERABLE,10
FRA,MAMMAL,THREATENED,17
DEU,MAMMAL,TOT_KNOWN,93
DEU,MAMMAL,TOT_KNOWN_IND,85
DEU,MAMMAL,ENDANGERED,9
DEU,MAMMAL,CRITICAL,8
DEU,MAMMAL,VULNERABLE,15
DEU,MAMMAL,THREATENED,32
DEU,MAMMAL,ENDANGERED_IND,9
DEU,MAMMAL,CRITICAL_IND,8
DEU,MAMMAL,VULNERABLE_IND,15
GRC,MAMMAL,TOT_KNOWN,115
GRC,MAMMAL,TOT_KNOWN_IND,113
GRC,MAMMAL,ENDANGERED,13
GRC,MAMMAL,CRITICAL,3
GRC,MAMMAL,VULNERABLE,13
GRC,MAMMAL,THREATENED,29
GRC,MAMMAL,ENDANGERED_IND,13
GRC,MAMMAL,CRITICAL_IND,3
GRC,MAMMAL,VULNERABLE_IND,13
HUN,MAMMAL,TOT_KNOWN,87
HUN,MAMMAL,TOT_KNOWN_IND,76
HUN,MAMMAL,ENDANGERED,3
HUN,MAMMAL,CRITICAL,5
HUN,MAMMAL,VULNERABLE,6
HUN,MAMMAL,THREATENED,14
HUN,MAMMAL,ENDANGERED_IND,3
HUN,MAMMAL,CRITICAL_IND,5
HUN,MAMMAL,VULNERABLE_IND,6
ISL,MAMMAL,TOT_KNOWN,4
IRL,MAMMAL,TOT_KNOWN,57
IRL,MAMMAL,TOT_KNOWN_IND,46
IRL,MAMMAL,VULNERABLE,1
IRL,MAMMAL,THREATENED,1
ITA,MAMMAL,TOT_KNOWN,126
ITA,MAMMAL,ENDANGERED,8
ITA,MAMMAL,CRITICAL,2
ITA,MAMMAL,VULNERABLE,13
ITA,MAMMAL,THREATENED,23
JPN,MAMMAL,TOT_KNOWN,160
JPN,MAMMAL,ENDANGERED,12
JPN,MAMMAL,CRITICAL,12
JPN,MAMMAL,VULNERABLE,9
JPN,MAMMAL,THREATENED,33
KOR,MAMMAL,TOT_KNOWN,125
KOR,MAMMAL,ENDANGERED,4
KOR,MAMMAL,CRITICAL,1
KOR,MAMMAL,VULNERABLE,9
KOR,MAMMAL,THREATENED,14
MEX,MAMMAL,TOT_KNOWN,564
MEX,MAMMAL,TOT_KNOWN_IND,162
MEX,MAMMAL,ENDANGERED,50
MEX,MAMMAL,CRITICAL,11
MEX,MAMMAL,VULNERABLE,90
MEX,MAMMAL,THREATENED,151
MEX,MAMMAL,ENDANGERED_IND,24
MEX,MAMMAL,CRITICAL_IND,8
MEX,MAMMAL,VULNERABLE_IND,52
NLD,MAMMAL,TOT_KNOWN,53
NLD,MAMMAL,ENDANGERED,3
NLD,MAMMAL,CRITICAL,2
NLD,MAMMAL,VULNERABLE,6
NLD,MAMMAL,THREATENED,11
NZL,MAMMAL,TOT_KNOWN,65
NZL,MAMMAL,TOT_KNOWN_IND,37
NZL,MAMMAL,ENDANGERED_IND,2
NZL,MAMMAL,CRITICAL_IND,6
NZL,MAMMAL,VULNERABLE_IND,2
NOR,MAMMAL,TOT_KNOWN,89
NOR,MAMMAL,TOT_KNOWN_IND,73
NOR,MAMMAL,ENDANGERED,5
NOR,MAMMAL,CRITICAL,5
NOR,MAMMAL,VULNERABLE,7
NOR,MAMMAL,THREATENED,17
NOR,MAMMAL,ENDANGERED_IND,5
NOR,MAMMAL,CRITICAL_IND,5
NOR,MAMMAL,VULNERABLE_IND,7
POL,MAMMAL,TOT_KNOWN,112
POL,MAMMAL,TOT_KNOWN_IND,100
POL,MAMMAL,ENDANGERED,10
POL,MAMMAL,CRITICAL,2
POL,MAMMAL,VULNERABLE,1
POL,MAMMAL,THREATENED,13
POL,MAMMAL,ENDANGERED_IND,10
POL,MAMMAL,CRITICAL_IND,2
POL,MAMMAL,VULNERABLE_IND,1
PRT,MAMMAL,TOT_KNOWN,158
PRT,MAMMAL,TOT_KNOWN_IND,108
PRT,MAMMAL,ENDANGERED,7
PRT,MAMMAL,CRITICAL,11
PRT,MAMMAL,VULNERABLE,13
PRT,MAMMAL,THREATENED,31
PRT,MAMMAL,ENDANGERED_IND,7
PRT,MAMMAL,CRITICAL_IND,11
PRT,MAMMAL,VULNERABLE_IND,13
SVK,MAMMAL,TOT_KNOWN,90
SVK,MAMMAL,TOT_KNOWN_IND,85
SVK,MAMMAL,ENDANGERED,6
SVK,MAMMAL,CRITICAL,2
SVK,MAMMAL,VULNERABLE,12
SVK,MAMMAL,THREATENED,20
SVK,MAMMAL,ENDANGERED_IND,6
SVK,MAMMAL,CRITICAL_IND,2
SVK,MAMMAL,VULNERABLE_IND,12
ESP,MAMMAL,TOT_KNOWN,114
ESP,MAMMAL,ENDANGERED,4
ESP,MAMMAL,CRITICAL,2
ESP,MAMMAL,VULNERABLE,13
ESP,MAMMAL,THREATENED,19
ESP,MAMMAL,ENDANGERED_IND,4
ESP,MAMMAL,CRITICAL_IND,2
ESP,MAMMAL,VULNERABLE_IND,13
SWE,MAMMAL,TOT_KNOWN,65
SWE,MAMMAL,TOT_KNOWN_IND,65
SWE,MAMMAL,ENDANGERED,3
SWE,MAMMAL,CRITICAL,5
SWE,MAMMAL,VULNERABLE,6
SWE,MAMMAL,THREATENED,14
SWE,MAMMAL,ENDANGERED_IND,3
SWE,MAMMAL,CRITICAL_IND,5
SWE,MAMMAL,VULNERABLE_IND,6
CHE,MAMMAL,TOT_KNOWN,93
CHE,MAMMAL,TOT_KNOWN_IND,81
CHE,MAMMAL,ENDANGERED,13
CHE,MAMMAL,CRITICAL,5
CHE,MAMMAL,VULNERABLE,16
CHE,MAMMAL,THREATENED,34
CHE,MAMMAL,ENDANGERED_IND,13
CHE,MAMMAL,CRITICAL_IND,5
CHE,MAMMAL,VULNERABLE_IND,16
TUR,MAMMAL,TOT_KNOWN,161
TUR,MAMMAL,THREATENED,23
GBR,MAMMAL,TOT_KNOWN,99
GBR,MAMMAL,ENDANGERED,4
GBR,MAMMAL,CRITICAL,2
GBR,MAMMAL,VULNERABLE,5
GBR,MAMMAL,THREATENED,11
GBR,MAMMAL,ENDANGERED_IND,4
GBR,MAMMAL,CRITICAL_IND,2
GBR,MAMMAL,VULNERABLE_IND,5
USA,MAMMAL,TOT_KNOWN,453
USA,MAMMAL,TOT_KNOWN_IND,428
USA,MAMMAL,ENDANGERED,16
USA,MAMMAL,CRITICAL,13
USA,MAMMAL,VULNERABLE,49
USA,MAMMAL,THREATENED,78
USA,MAMMAL,ENDANGERED_IND,16
USA,MAMMAL,CRITICAL_IND,13
USA,MAMMAL,VULNERABLE_IND,47
CHL,MAMMAL,TOT_KNOWN,175
CHL,MAMMAL,TOT_KNOWN_IND,162
CHL,MAMMAL,ENDANGERED,13
CHL,MAMMAL,VULNERABLE,20
CHL,MAMMAL,THREATENED,36
CHL,MAMMAL,ENDANGERED_IND,13
CHL,MAMMAL,VULNERABLE_IND,20
EST,MAMMAL,TOT_KNOWN,65
EST,MAMMAL,TOT_KNOWN_IND,61
EST,MAMMAL,ENDANGERED,1
EST,MAMMAL,VULNERABLE,1
EST,MAMMAL,THREATENED,2
EST,MAMMAL,ENDANGERED_IND,1
EST,MAMMAL,VULNERABLE_IND,1
ISR,MAMMAL,TOT_KNOWN_IND,105
ISR,MAMMAL,ENDANGERED_IND,27
ISR,MAMMAL,CRITICAL_IND,15
ISR,MAMMAL,VULNERABLE_IND,19
RUS,MAMMAL,TOT_KNOWN,320
RUS,MAMMAL,THREATENED,40
SVN,MAMMAL,TOT_KNOWN,89
SVN,MAMMAL,ENDANGERED,19
SVN,MAMMAL,VULNERABLE,15
SVN,MAMMAL,THREATENED,34
SVN,MAMMAL,ENDANGERED_IND,19
SVN,MAMMAL,VULNERABLE_IND,15
AUS,BIRD,TOT_KNOWN,790
AUS,BIRD,ENDANGERED,51
AUS,BIRD,CRITICAL,16
AUS,BIRD,VULNERABLE,66
AUS,BIRD,THREATENED,133
AUS,BIRD,ENDANGERED_IND,51
AUS,BIRD,CRITICAL_IND,16
AUS,BIRD,VULNERABLE_IND,66
AUT,BIRD,TOT_KNOWN,242
AUT,BIRD,TOT_KNOWN_IND,242
AUT,BIRD,ENDANGERED,14
AUT,BIRD,CRITICAL,33
AUT,BIRD,VULNERABLE,19
AUT,BIRD,THREATENED,66
AUT,BIRD,ENDANGERED_IND,14
AUT,BIRD,CRITICAL_IND,33
AUT,BIRD,VULNERABLE_IND,19
BEL,BIRD,TOT_KNOWN,198
BEL,BIRD,TOT_KNOWN_IND,178
BEL,BIRD,ENDANGERED,15
BEL,BIRD,CRITICAL,20
BEL,BIRD,VULNERABLE,20
BEL,BIRD,THREATENED,55
BEL,BIRD,ENDANGERED_IND,15
BEL,BIRD,CRITICAL_IND,20
BEL,BIRD,VULNERABLE_IND,20
CAN,BIRD,TOT_KNOWN,674
CAN,BIRD,TOT_KNOWN_IND,664
CAN,BIRD,ENDANGERED,14
CAN,BIRD,VULNERABLE,48
CAN,BIRD,THREATENED,88
CAN,BIRD,ENDANGERED_IND,14
CAN,BIRD,VULNERABLE_IND,48
CZE,BIRD,TOT_KNOWN,210
CZE,BIRD,TOT_KNOWN_IND,208
CZE,BIRD,ENDANGERED,28
CZE,BIRD,CRITICAL,35
CZE,BIRD,VULNERABLE,36
CZE,BIRD,THREATENED,99
DNK,BIRD,TOT_KNOWN,209
DNK,BIRD,TOT_KNOWN_IND,209
DNK,BIRD,ENDANGERED,13
DNK,BIRD,CRITICAL,8
DNK,BIRD,VULNERABLE,13
DNK,BIRD,THREATENED,34
DNK,BIRD,ENDANGERED_IND,13
DNK,BIRD,CRITICAL_IND,8
DNK,BIRD,VULNERABLE_IND,13
FIN,BIRD,TOT_KNOWN,248
FIN,BIRD,TOT_KNOWN_IND,245
FIN,BIRD,ENDANGERED,36
FIN,BIRD,CRITICAL,13
FIN,BIRD,VULNERABLE,38
FIN,BIRD,THREATENED,87
FIN,BIRD,ENDANGERED_IND,36
FIN,BIRD,CRITICAL_IND,13
FIN,BIRD,VULNERABLE_IND,38
FRA,BIRD,TOT_KNOWN,391
FRA,BIRD,TOT_KNOWN_IND,284
FRA,BIRD,ENDANGERED,33
FRA,BIRD,CRITICAL,16
FRA,BIRD,VULNERABLE,58
FRA,BIRD,THREATENED,107
FRA,BIRD,ENDANGERED_IND,30
FRA,BIRD,VULNERABLE_IND,46
DEU,BIRD,TOT_KNOWN,264
DEU,BIRD,TOT_KNOWN_IND,244
DEU,BIRD,ENDANGERED,24
DEU,BIRD,CRITICAL,30
DEU,BIRD,VULNERABLE,40
DEU,BIRD,THREATENED,94
DEU,BIRD,ENDANGERED_IND,24
DEU,BIRD,CRITICAL_IND,30
DEU,BIRD,VULNERABLE_IND,40
GRC,BIRD,TOT_KNOWN,440
GRC,BIRD,TOT_KNOWN_IND,351
GRC,BIRD,ENDANGERED,17
GRC,BIRD,CRITICAL,14
GRC,BIRD,VULNERABLE,31
GRC,BIRD,THREATENED,62
GRC,BIRD,ENDANGERED_IND,17
GRC,BIRD,CRITICAL_IND,14
GRC,BIRD,VULNERABLE_IND,31
HUN,BIRD,TOT_KNOWN,435
HUN,BIRD,TOT_KNOWN_IND,420
HUN,BIRD,ENDANGERED,23
HUN,BIRD,CRITICAL,20
HUN,BIRD,VULNERABLE,35
HUN,BIRD,THREATENED,78
HUN,BIRD,ENDANGERED_IND,23
HUN,BIRD,CRITICAL_IND,20
HUN,BIRD,VULNERABLE_IND,35
ISL,BIRD,TOT_KNOWN,75
ISL,BIRD,ENDANGERED,11
ISL,BIRD,CRITICAL,6
ISL,BIRD,VULNERABLE,16
ISL,BIRD,THREATENED,33
IRL,BIRD,TOT_KNOWN,478
IRL,BIRD,TOT_KNOWN_IND,478
IRL,BIRD,ENDANGERED,37
IRL,BIRD,VULNERABLE,90
IRL,BIRD,THREATENED,127
ITA,BIRD,TOT_KNOWN,267
ITA,BIRD,ENDANGERED,22
ITA,BIRD,CRITICAL,6
ITA,BIRD,VULNERABLE,46
ITA,BIRD,THREATENED,74
JPN,BIRD,TOT_KNOWN,700
JPN,BIRD,ENDANGERED,31
JPN,BIRD,CRITICAL,23
JPN,BIRD,VULNERABLE,43
JPN,BIRD,THREATENED,97
KOR,BIRD,TOT_KNOWN,527
KOR,BIRD,ENDANGERED,18
KOR,BIRD,CRITICAL,1
KOR,BIRD,VULNERABLE,36
KOR,BIRD,THREATENED,55
LUX,BIRD,TOT_KNOWN,131
LUX,BIRD,TOT_KNOWN_IND,5
LUX,BIRD,ENDANGERED,9
LUX,BIRD,CRITICAL,7
LUX,BIRD,VULNERABLE,9
LUX,BIRD,THREATENED,25
MEX,BIRD,TOT_KNOWN,1123
MEX,BIRD,TOT_KNOWN_IND,194
MEX,BIRD,ENDANGERED,90
MEX,BIRD,CRITICAL,19
MEX,BIRD,VULNERABLE,124
MEX,BIRD,THREATENED,233
MEX,BIRD,ENDANGERED_IND,40
MEX,BIRD,CRITICAL_IND,13
MEX,BIRD,VULNERABLE_IND,29
NLD,BIRD,TOT_KNOWN,168
NLD,BIRD,ENDANGERED,12
NLD,BIRD,CRITICAL,9
NLD,BIRD,VULNERABLE,19
NLD,BIRD,THREATENED,40
NZL,BIRD,TOT_KNOWN,254
NZL,BIRD,TOT_KNOWN_IND,217
NZL,BIRD,ENDANGERED_IND,13
NZL,BIRD,CRITICAL_IND,20
NZL,BIRD,VULNERABLE_IND,32
NOR,BIRD,TOT_KNOWN,264
NOR,BIRD,TOT_KNOWN_IND,232
NOR,BIRD,ENDANGERED,15
NOR,BIRD,CRITICAL,6
NOR,BIRD,VULNERABLE,25
NOR,BIRD,THREATENED,46
NOR,BIRD,ENDANGERED_IND,15
NOR,BIRD,CRITICAL_IND,6
NOR,BIRD,VULNERABLE_IND,25
POL,BIRD,TOT_KNOWN,451
POL,BIRD,TOT_KNOWN_IND,445
POL,BIRD,ENDANGERED,8
POL,BIRD,CRITICAL,16
POL,BIRD,VULNERABLE,10
POL,BIRD,THREATENED,34
POL,BIRD,ENDANGERED_IND,8
POL,BIRD,CRITICAL_IND,16
POL,BIRD,VULNERABLE_IND,10
PRT,BIRD,TOT_KNOWN,393
PRT,BIRD,TOT_KNOWN_IND,362
PRT,BIRD,ENDANGERED,30
PRT,BIRD,CRITICAL,20
PRT,BIRD,VULNERABLE,61
PRT,BIRD,THREATENED,111
PRT,BIRD,ENDANGERED_IND,30
PRT,BIRD,CRITICAL_IND,20
PRT,BIRD,VULNERABLE_IND,61
SVK,BIRD,TOT_KNOWN,211
SVK,BIRD,ENDANGERED,24
SVK,BIRD,CRITICAL,10
SVK,BIRD,VULNERABLE,17
SVK,BIRD,THREATENED,51
SVK,BIRD,ENDANGERED_IND,24
SVK,BIRD,CRITICAL_IND,10
SVK,BIRD,VULNERABLE_IND,17
ESP,BIRD,TOT_KNOWN,581
ESP,BIRD,ENDANGERED,33
ESP,BIRD,CRITICAL,18
ESP,BIRD,VULNERABLE,63
ESP,BIRD,THREATENED,114
ESP,BIRD,ENDANGERED_IND,33
ESP,BIRD,CRITICAL_IND,18
ESP,BIRD,VULNERABLE_IND,63
SWE,BIRD,TOT_KNOWN,257
SWE,BIRD,TOT_KNOWN_IND,257
SWE,BIRD,ENDANGERED,11
SWE,BIRD,CRITICAL,6
SWE,BIRD,VULNERABLE,35
SWE,BIRD,THREATENED,52
SWE,BIRD,ENDANGERED_IND,11
SWE,BIRD,CRITICAL_IND,6
SWE,BIRD,VULNERABLE_IND,35
CHE,BIRD,TOT_KNOWN,205
CHE,BIRD,TOT_KNOWN_IND,199
CHE,BIRD,ENDANGERED,21
CHE,BIRD,CRITICAL,9
CHE,BIRD,VULNERABLE,41
CHE,BIRD,THREATENED,71
CHE,BIRD,ENDANGERED_IND,21
CHE,BIRD,CRITICAL_IND,9
CHE,BIRD,VULNERABLE_IND,41
TUR,BIRD,TOT_KNOWN,460
TUR,BIRD,THREATENED,17
GBR,BIRD,TOT_KNOWN,590
GBR,BIRD,ENDANGERED,50
GBR,BIRD,CRITICAL,27
GBR,BIRD,VULNERABLE,57
GBR,BIRD,THREATENED,134
GBR,BIRD,ENDANGERED_IND,50
GBR,BIRD,CRITICAL_IND,27
GBR,BIRD,VULNERABLE_IND,57
USA,BIRD,TOT_KNOWN,831
USA,BIRD,TOT_KNOWN_IND,766
USA,BIRD,ENDANGERED,25
USA,BIRD,CRITICAL,36
USA,BIRD,VULNERABLE,40
USA,BIRD,THREATENED,101
USA,BIRD,ENDANGERED_IND,23
USA,BIRD,CRITICAL_IND,35
USA,BIRD,VULNERABLE_IND,39
CHL,BIRD,TOT_KNOWN,498
CHL,BIRD,TOT_KNOWN_IND,492
CHL,BIRD,ENDANGERED,21
CHL,BIRD,VULNERABLE,22
CHL,BIRD,THREATENED,45
CHL,BIRD,ENDANGERED_IND,21
CHL,BIRD,VULNERABLE_IND,22
EST,BIRD,TOT_KNOWN,377
EST,BIRD,TOT_KNOWN_IND,370
EST,BIRD,ENDANGERED,8
EST,BIRD,CRITICAL,8
EST,BIRD,VULNERABLE,22
EST,BIRD,THREATENED,38
EST,BIRD,ENDANGERED_IND,8
EST,BIRD,CRITICAL_IND,8
EST,BIRD,VULNERABLE_IND,22
RUS,BIRD,TOT_KNOWN,732
RUS,BIRD,THREATENED,56
SVN,BIRD,TOT_KNOWN,380
SVN,BIRD,TOT_KNOWN_IND,365
SVN,BIRD,ENDANGERED,43
SVN,BIRD,CRITICAL,17
SVN,BIRD,VULNERABLE,45
SVN,BIRD,THREATENED,105
SVN,BIRD,ENDANGERED_IND,43
SVN,BIRD,CRITICAL_IND,17
SVN,BIRD,VULNERABLE_IND,45
AUS,REPTILE,TOT_KNOWN,1025
AUS,REPTILE,ENDANGERED,18
AUS,REPTILE,CRITICAL,10
AUS,REPTILE,VULNERABLE,33
AUS,REPTILE,THREATENED,61
AUS,REPTILE,ENDANGERED_IND,18
AUS,REPTILE,CRITICAL_IND,10
AUS,REPTILE,VULNERABLE_IND,33
AUT,REPTILE,TOT_KNOWN,14
AUT,REPTILE,TOT_KNOWN_IND,14
AUT,REPTILE,ENDANGERED,3
AUT,REPTILE,CRITICAL,3
AUT,REPTILE,VULNERABLE,3
AUT,REPTILE,THREATENED,9
AUT,REPTILE,ENDANGERED_IND,3
AUT,REPTILE,CRITICAL_IND,3
AUT,REPTILE,VULNERABLE_IND,3
BEL,REPTILE,TOT_KNOWN,10
BEL,REPTILE,TOT_KNOWN_IND,7
BEL,REPTILE,ENDANGERED,2
BEL,REPTILE,VULNERABLE,2
BEL,REPTILE,THREATENED,4
BEL,REPTILE,ENDANGERED_IND,2
BEL,REPTILE,VULNERABLE_IND,2
CAN,REPTILE,TOT_KNOWN,45
CAN,REPTILE,TOT_KNOWN_IND,43
CAN,REPTILE,ENDANGERED,6
CAN,REPTILE,VULNERABLE,15
CAN,REPTILE,THREATENED,26
CAN,REPTILE,ENDANGERED_IND,6
CAN,REPTILE,VULNERABLE_IND,15
CZE,REPTILE,TOT_KNOWN,13
CZE,REPTILE,TOT_KNOWN_IND,11
CZE,REPTILE,ENDANGERED,3
CZE,REPTILE,CRITICAL,3
CZE,REPTILE,VULNERABLE,1
CZE,REPTILE,THREATENED,7
DNK,REPTILE,TOT_KNOWN,8
DNK,REPTILE,TOT_KNOWN_IND,8
FIN,REPTILE,TOT_KNOWN,5
FIN,REPTILE,TOT_KNOWN_IND,5
FIN,REPTILE,VULNERABLE,1
FIN,REPTILE,THREATENED,1
FIN,REPTILE,VULNERABLE_IND,1
FRA,REPTILE,TOT_KNOWN,38
FRA,REPTILE,ENDANGERED,3
FRA,REPTILE,CRITICAL,0
FRA,REPTILE,VULNERABLE,6
FRA,REPTILE,THREATENED,9
DEU,REPTILE,TOT_KNOWN,13
DEU,REPTILE,TOT_KNOWN_IND,13
DEU,REPTILE,ENDANGERED,3
DEU,REPTILE,CRITICAL,4
DEU,REPTILE,VULNERABLE,1
DEU,REPTILE,THREATENED,8
DEU,REPTILE,ENDANGERED_IND,3
DEU,REPTILE,CRITICAL_IND,4
DEU,REPTILE,VULNERABLE_IND,1
GRC,REPTILE,TOT_KNOWN,66
GRC,REPTILE,TOT_KNOWN_IND,64
GRC,REPTILE,ENDANGERED,2
GRC,REPTILE,CRITICAL,1
GRC,REPTILE,VULNERABLE,6
GRC,REPTILE,THREATENED,9
GRC,REPTILE,ENDANGERED_IND,2
GRC,REPTILE,CRITICAL_IND,1
GRC,REPTILE,VULNERABLE_IND,6
HUN,REPTILE,TOT_KNOWN,15
HUN,REPTILE,TOT_KNOWN_IND,15
HUN,REPTILE,ENDANGERED,4
HUN,REPTILE,THREATENED,4
HUN,REPTILE,ENDANGERED_IND,4
IRL,REPTILE,TOT_KNOWN,3
IRL,REPTILE,TOT_KNOWN_IND,2
IRL,REPTILE,ENDANGERED,0
IRL,REPTILE,THREATENED,0
IRL,REPTILE,ENDANGERED_IND,0
ITA,REPTILE,TOT_KNOWN,56
ITA,REPTILE,ENDANGERED,5
ITA,REPTILE,CRITICAL,1
ITA,REPTILE,VULNERABLE,5
ITA,REPTILE,THREATENED,11
JPN,REPTILE,TOT_KNOWN,100
JPN,REPTILE,ENDANGERED,9
JPN,REPTILE,CRITICAL,5
JPN,REPTILE,VULNERABLE,23
JPN,REPTILE,THREATENED,37
KOR,REPTILE,TOT_KNOWN,32
KOR,REPTILE,ENDANGERED,3
KOR,REPTILE,VULNERABLE,2
KOR,REPTILE,THREATENED,5
LUX,REPTILE,TOT_KNOWN,6
LUX,REPTILE,ENDANGERED,0
LUX,REPTILE,CRITICAL,0
LUX,REPTILE,VULNERABLE,2
LUX,REPTILE,THREATENED,2
MEX,REPTILE,TOT_KNOWN,908
MEX,REPTILE,TOT_KNOWN_IND,509
MEX,REPTILE,ENDANGERED,27
MEX,REPTILE,CRITICAL,0
MEX,REPTILE,VULNERABLE,138
MEX,REPTILE,THREATENED,165
MEX,REPTILE,ENDANGERED_IND,17
MEX,REPTILE,CRITICAL_IND,0
MEX,REPTILE,VULNERABLE_IND,92
NLD,REPTILE,TOT_KNOWN,7
NLD,REPTILE,ENDANGERED,0
NLD,REPTILE,CRITICAL,1
NLD,REPTILE,VULNERABLE,4
NLD,REPTILE,THREATENED,5
NZL,REPTILE,TOT_KNOWN,107
NZL,REPTILE,TOT_KNOWN_IND,106
NZL,REPTILE,ENDANGERED_IND,8
NZL,REPTILE,CRITICAL_IND,8
NZL,REPTILE,VULNERABLE_IND,21
NOR,REPTILE,TOT_KNOWN,6
NOR,REPTILE,TOT_KNOWN_IND,5
POL,REPTILE,TOT_KNOWN,11
POL,REPTILE,TOT_KNOWN_IND,9
POL,REPTILE,ENDANGERED,1
POL,REPTILE,CRITICAL,1
POL,REPTILE,VULNERABLE,1
POL,REPTILE,THREATENED,3
POL,REPTILE,ENDANGERED_IND,1
POL,REPTILE,CRITICAL_IND,1
POL,REPTILE,VULNERABLE_IND,1
PRT,REPTILE,TOT_KNOWN,49
PRT,REPTILE,TOT_KNOWN_IND,32
PRT,REPTILE,ENDANGERED,4
PRT,REPTILE,VULNERABLE,6
PRT,REPTILE,THREATENED,10
PRT,REPTILE,ENDANGERED_IND,4
PRT,REPTILE,VULNERABLE_IND,6
SVK,REPTILE,TOT_KNOWN,12
SVK,REPTILE,TOT_KNOWN_IND,12
SVK,REPTILE,CRITICAL,1
SVK,REPTILE,VULNERABLE,4
SVK,REPTILE,THREATENED,5
SVK,REPTILE,CRITICAL_IND,1
SVK,REPTILE,VULNERABLE_IND,4
ESP,REPTILE,TOT_KNOWN,92
ESP,REPTILE,ENDANGERED,10
ESP,REPTILE,CRITICAL,8
ESP,REPTILE,VULNERABLE,16
ESP,REPTILE,THREATENED,34
ESP,REPTILE,ENDANGERED_IND,10
ESP,REPTILE,CRITICAL_IND,8
ESP,REPTILE,VULNERABLE_IND,16
SWE,REPTILE,TOT_KNOWN,6
SWE,REPTILE,TOT_KNOWN_IND,6
SWE,REPTILE,VULNERABLE,2
SWE,REPTILE,THREATENED,2
SWE,REPTILE,VULNERABLE_IND,2
CHE,REPTILE,TOT_KNOWN,19
CHE,REPTILE,TOT_KNOWN_IND,19
CHE,REPTILE,ENDANGERED,7
CHE,REPTILE,CRITICAL,3
CHE,REPTILE,VULNERABLE,5
CHE,REPTILE,THREATENED,15
CHE,REPTILE,ENDANGERED_IND,7
CHE,REPTILE,CRITICAL_IND,3
CHE,REPTILE,VULNERABLE_IND,5
GBR,REPTILE,TOT_KNOWN,15
USA,REPTILE,TOT_KNOWN,345
USA,REPTILE,TOT_KNOWN_IND,301
USA,REPTILE,ENDANGERED,20
USA,REPTILE,CRITICAL,8
USA,REPTILE,VULNERABLE,34
USA,REPTILE,THREATENED,62
USA,REPTILE,ENDANGERED_IND,20
USA,REPTILE,CRITICAL_IND,8
USA,REPTILE,VULNERABLE_IND,33
CHL,REPTILE,TOT_KNOWN,131
CHL,REPTILE,TOT_KNOWN_IND,122
CHL,REPTILE,ENDANGERED,17
CHL,REPTILE,VULNERABLE,25
CHL,REPTILE,THREATENED,52
CHL,REPTILE,ENDANGERED_IND,17
CHL,REPTILE,VULNERABLE_IND,25
EST,REPTILE,TOT_KNOWN,2
EST,REPTILE,TOT_KNOWN_IND,2
EST,REPTILE,VULNERABLE,1
EST,REPTILE,THREATENED,1
EST,REPTILE,VULNERABLE_IND,1
ISR,REPTILE,TOT_KNOWN_IND,105
ISR,REPTILE,ENDANGERED_IND,7
ISR,REPTILE,CRITICAL_IND,13
ISR,REPTILE,VULNERABLE_IND,15
RUS,REPTILE,TOT_KNOWN,75
RUS,REPTILE,THREATENED,9
SVN,REPTILE,TOT_KNOWN,24
SVN,REPTILE,TOT_KNOWN_IND,24
SVN,REPTILE,ENDANGERED,7
SVN,REPTILE,VULNERABLE,11
SVN,REPTILE,THREATENED,18
SVN,REPTILE,ENDANGERED_IND,7
SVN,REPTILE,VULNERABLE_IND,11
AUS,AMPHIBIAN,TOT_KNOWN,242
AUS,AMPHIBIAN,ENDANGERED,14
AUS,AMPHIBIAN,CRITICAL,5
AUS,AMPHIBIAN,VULNERABLE,10
AUS,AMPHIBIAN,THREATENED,29
AUT,AMPHIBIAN,TOT_KNOWN,20
AUT,AMPHIBIAN,TOT_KNOWN_IND,20
AUT,AMPHIBIAN,ENDANGERED,3
AUT,AMPHIBIAN,CRITICAL,1
AUT,AMPHIBIAN,VULNERABLE,8
AUT,AMPHIBIAN,THREATENED,12
AUT,AMPHIBIAN,ENDANGERED_IND,3
AUT,AMPHIBIAN,CRITICAL_IND,1
AUT,AMPHIBIAN,VULNERABLE_IND,8
BEL,AMPHIBIAN,TOT_KNOWN,19
BEL,AMPHIBIAN,TOT_KNOWN_IND,16
BEL,AMPHIBIAN,ENDANGERED,3
BEL,AMPHIBIAN,CRITICAL,3
BEL,AMPHIBIAN,THREATENED,6
BEL,AMPHIBIAN,ENDANGERED_IND,3
BEL,AMPHIBIAN,CRITICAL_IND,3
CAN,AMPHIBIAN,TOT_KNOWN,47
CAN,AMPHIBIAN,TOT_KNOWN_IND,47
CAN,AMPHIBIAN,ENDANGERED,5
CAN,AMPHIBIAN,VULNERABLE,9
CAN,AMPHIBIAN,THREATENED,16
CAN,AMPHIBIAN,ENDANGERED_IND,5
CAN,AMPHIBIAN,VULNERABLE_IND,9
CZE,AMPHIBIAN,TOT_KNOWN,22
CZE,AMPHIBIAN,TOT_KNOWN_IND,21
CZE,AMPHIBIAN,ENDANGERED,5
CZE,AMPHIBIAN,CRITICAL,5
CZE,AMPHIBIAN,VULNERABLE,6
CZE,AMPHIBIAN,THREATENED,16
DNK,AMPHIBIAN,TOT_KNOWN,15
DNK,AMPHIBIAN,TOT_KNOWN_IND,15
DNK,AMPHIBIAN,CRITICAL,1
DNK,AMPHIBIAN,THREATENED,1
DNK,AMPHIBIAN,CRITICAL_IND,1
FIN,AMPHIBIAN,TOT_KNOWN,7
FIN,AMPHIBIAN,TOT_KNOWN_IND,7
FIN,AMPHIBIAN,VULNERABLE,0
FIN,AMPHIBIAN,THREATENED,1
FIN,AMPHIBIAN,VULNERABLE_IND,0
FRA,AMPHIBIAN,TOT_KNOWN,35
FRA,AMPHIBIAN,ENDANGERED,3
FRA,AMPHIBIAN,CRITICAL,0
FRA,AMPHIBIAN,VULNERABLE,5
FRA,AMPHIBIAN,THREATENED,8
DEU,AMPHIBIAN,TOT_KNOWN,22
DEU,AMPHIBIAN,TOT_KNOWN_IND,20
DEU,AMPHIBIAN,ENDANGERED,2
DEU,AMPHIBIAN,VULNERABLE,6
DEU,AMPHIBIAN,THREATENED,8
DEU,AMPHIBIAN,ENDANGERED_IND,2
DEU,AMPHIBIAN,VULNERABLE_IND,6
GRC,AMPHIBIAN,TOT_KNOWN,23
GRC,AMPHIBIAN,TOT_KNOWN_IND,22
GRC,AMPHIBIAN,ENDANGERED,2
GRC,AMPHIBIAN,CRITICAL,1
GRC,AMPHIBIAN,VULNERABLE,3
GRC,AMPHIBIAN,THREATENED,6
GRC,AMPHIBIAN,ENDANGERED_IND,2
GRC,AMPHIBIAN,CRITICAL_IND,1
GRC,AMPHIBIAN,VULNERABLE_IND,3
HUN,AMPHIBIAN,TOT_KNOWN,18
HUN,AMPHIBIAN,TOT_KNOWN_IND,18
HUN,AMPHIBIAN,ENDANGERED,1
HUN,AMPHIBIAN,VULNERABLE,1
HUN,AMPHIBIAN,THREATENED,2
HUN,AMPHIBIAN,ENDANGERED_IND,1
HUN,AMPHIBIAN,VULNERABLE_IND,1
IRL,AMPHIBIAN,TOT_KNOWN,3
IRL,AMPHIBIAN,TOT_KNOWN_IND,3
IRL,AMPHIBIAN,ENDANGERED,1
IRL,AMPHIBIAN,THREATENED,1
IRL,AMPHIBIAN,ENDANGERED_IND,1
ITA,AMPHIBIAN,TOT_KNOWN,44
ITA,AMPHIBIAN,ENDANGERED,4
ITA,AMPHIBIAN,CRITICAL,0
ITA,AMPHIBIAN,VULNERABLE,10
ITA,AMPHIBIAN,THREATENED,14
JPN,AMPHIBIAN,TOT_KNOWN,77
JPN,AMPHIBIAN,ENDANGERED,13
JPN,AMPHIBIAN,CRITICAL,4
JPN,AMPHIBIAN,VULNERABLE,12
JPN,AMPHIBIAN,THREATENED,29
KOR,AMPHIBIAN,TOT_KNOWN,20
KOR,AMPHIBIAN,ENDANGERED,2
KOR,AMPHIBIAN,VULNERABLE,3
KOR,AMPHIBIAN,THREATENED,5
LUX,AMPHIBIAN,TOT_KNOWN,14
LUX,AMPHIBIAN,ENDANGERED,1
LUX,AMPHIBIAN,CRITICAL,2
LUX,AMPHIBIAN,VULNERABLE,1
LUX,AMPHIBIAN,THREATENED,4
MEX,AMPHIBIAN,TOT_KNOWN,399
MEX,AMPHIBIAN,TOT_KNOWN_IND,258
MEX,AMPHIBIAN,ENDANGERED,7
MEX,AMPHIBIAN,CRITICAL,0
MEX,AMPHIBIAN,VULNERABLE,44
MEX,AMPHIBIAN,THREATENED,51
MEX,AMPHIBIAN,ENDANGERED_IND,6
MEX,AMPHIBIAN,CRITICAL_IND,0
MEX,AMPHIBIAN,VULNERABLE_IND,37
NLD,AMPHIBIAN,TOT_KNOWN,16
NLD,AMPHIBIAN,ENDANGERED,2
NLD,AMPHIBIAN,CRITICAL,2
NLD,AMPHIBIAN,VULNERABLE,3
NLD,AMPHIBIAN,THREATENED,7
NZL,AMPHIBIAN,TOT_KNOWN,8
NZL,AMPHIBIAN,TOT_KNOWN_IND,4
NZL,AMPHIBIAN,ENDANGERED_IND,0
NZL,AMPHIBIAN,CRITICAL_IND,0
NZL,AMPHIBIAN,VULNERABLE_IND,1
NOR,AMPHIBIAN,TOT_KNOWN,6
NOR,AMPHIBIAN,TOT_KNOWN_IND,6
NOR,AMPHIBIAN,CRITICAL,1
NOR,AMPHIBIAN,THREATENED,1
NOR,AMPHIBIAN,CRITICAL_IND,1
POL,AMPHIBIAN,TOT_KNOWN,18
POL,AMPHIBIAN,TOT_KNOWN_IND,18
PRT,AMPHIBIAN,TOT_KNOWN,20
PRT,AMPHIBIAN,TOT_KNOWN_IND,17
PRT,AMPHIBIAN,VULNERABLE,2
PRT,AMPHIBIAN,THREATENED,2
PRT,AMPHIBIAN,VULNERABLE_IND,2
SVK,AMPHIBIAN,TOT_KNOWN,18
SVK,AMPHIBIAN,TOT_KNOWN_IND,18
SVK,AMPHIBIAN,ENDANGERED,3
SVK,AMPHIBIAN,VULNERABLE,5
SVK,AMPHIBIAN,THREATENED,8
SVK,AMPHIBIAN,ENDANGERED_IND,3
SVK,AMPHIBIAN,VULNERABLE_IND,5
ESP,AMPHIBIAN,TOT_KNOWN,36
ESP,AMPHIBIAN,ENDANGERED,4
ESP,AMPHIBIAN,CRITICAL,2
ESP,AMPHIBIAN,VULNERABLE,8
ESP,AMPHIBIAN,THREATENED,14
ESP,AMPHIBIAN,ENDANGERED_IND,4
ESP,AMPHIBIAN,CRITICAL_IND,2
ESP,AMPHIBIAN,VULNERABLE_IND,8
SWE,AMPHIBIAN,TOT_KNOWN,13
SWE,AMPHIBIAN,TOT_KNOWN_IND,13
SWE,AMPHIBIAN,ENDANGERED,0
SWE,AMPHIBIAN,VULNERABLE,5
SWE,AMPHIBIAN,THREATENED,5
SWE,AMPHIBIAN,ENDANGERED_IND,0
SWE,AMPHIBIAN,VULNERABLE_IND,5
CHE,AMPHIBIAN,TOT_KNOWN,19
CHE,AMPHIBIAN,TOT_KNOWN_IND,18
CHE,AMPHIBIAN,ENDANGERED,9
CHE,AMPHIBIAN,CRITICAL,0
CHE,AMPHIBIAN,VULNERABLE,4
CHE,AMPHIBIAN,THREATENED,13
CHE,AMPHIBIAN,ENDANGERED_IND,9
CHE,AMPHIBIAN,CRITICAL_IND,0
CHE,AMPHIBIAN,VULNERABLE_IND,4
TUR,AMPHIBIAN,TOT_KNOWN,141
TUR,AMPHIBIAN,THREATENED,10
GBR,AMPHIBIAN,TOT_KNOWN,15
USA,AMPHIBIAN,TOT_KNOWN,270
USA,AMPHIBIAN,TOT_KNOWN_IND,260
USA,AMPHIBIAN,ENDANGERED,36
USA,AMPHIBIAN,CRITICAL,31
USA,AMPHIBIAN,VULNERABLE,42
USA,AMPHIBIAN,THREATENED,109
USA,AMPHIBIAN,ENDANGERED_IND,36
USA,AMPHIBIAN,CRITICAL_IND,31
USA,AMPHIBIAN,VULNERABLE_IND,42
CHL,AMPHIBIAN,TOT_KNOWN,65
CHL,AMPHIBIAN,TOT_KNOWN_IND,64
CHL,AMPHIBIAN,ENDANGERED,23
CHL,AMPHIBIAN,VULNERABLE,11
CHL,AMPHIBIAN,THREATENED,44
CHL,AMPHIBIAN,ENDANGERED_IND,23
CHL,AMPHIBIAN,VULNERABLE_IND,11
EST,AMPHIBIAN,TOT_KNOWN,9
EST,AMPHIBIAN,TOT_KNOWN_IND,8
EST,AMPHIBIAN,ENDANGERED,1
EST,AMPHIBIAN,CRITICAL,1
EST,AMPHIBIAN,VULNERABLE,2
EST,AMPHIBIAN,THREATENED,4
EST,AMPHIBIAN,ENDANGERED_IND,1
EST,AMPHIBIAN,CRITICAL_IND,1
EST,AMPHIBIAN,VULNERABLE_IND,2
RUS,AMPHIBIAN,TOT_KNOWN,27
RUS,AMPHIBIAN,THREATENED,5
SVN,AMPHIBIAN,TOT_KNOWN,21
SVN,AMPHIBIAN,TOT_KNOWN_IND,21
SVN,AMPHIBIAN,ENDANGERED,3
SVN,AMPHIBIAN,VULNERABLE,14
SVN,AMPHIBIAN,THREATENED,17
SVN,AMPHIBIAN,ENDANGERED_IND,3
SVN,AMPHIBIAN,VULNERABLE_IND,14
AUS,VASCULAR_PLANT,TOT_KNOWN,19178
AUS,VASCULAR_PLANT,TOT_KNOWN_IND,17883
AUS,VASCULAR_PLANT,ENDANGERED,527
AUS,VASCULAR_PLANT,CRITICAL,148
AUS,VASCULAR_PLANT,VULNERABLE,587
AUS,VASCULAR_PLANT,THREATENED,1262
AUT,VASCULAR_PLANT,TOT_KNOWN,2950
AUT,VASCULAR_PLANT,TOT_KNOWN_IND,2950
AUT,VASCULAR_PLANT,ENDANGERED,348
AUT,VASCULAR_PLANT,CRITICAL,172
AUT,VASCULAR_PLANT,VULNERABLE,465
AUT,VASCULAR_PLANT,THREATENED,985
AUT,VASCULAR_PLANT,ENDANGERED_IND,348
AUT,VASCULAR_PLANT,CRITICAL_IND,172
AUT,VASCULAR_PLANT,VULNERABLE_IND,465
BEL,VASCULAR_PLANT,TOT_KNOWN,1818
BEL,VASCULAR_PLANT,TOT_KNOWN_IND,1438
BEL,VASCULAR_PLANT,ENDANGERED,107
BEL,VASCULAR_PLANT,CRITICAL,253
BEL,VASCULAR_PLANT,VULNERABLE,63
BEL,VASCULAR_PLANT,THREATENED,423
BEL,VASCULAR_PLANT,ENDANGERED_IND,107
BEL,VASCULAR_PLANT,CRITICAL_IND,253
BEL,VASCULAR_PLANT,VULNERABLE_IND,63
CAN,VASCULAR_PLANT,TOT_KNOWN,5185
CAN,VASCULAR_PLANT,TOT_KNOWN_IND,3870
CAN,VASCULAR_PLANT,ENDANGERED,325
CAN,VASCULAR_PLANT,VULNERABLE,467
CAN,VASCULAR_PLANT,THREATENED,1107
CAN,VASCULAR_PLANT,ENDANGERED_IND,325
CAN,VASCULAR_PLANT,VULNERABLE_IND,467
CZE,VASCULAR_PLANT,TOT_KNOWN,3557
CZE,VASCULAR_PLANT,TOT_KNOWN_IND,2256
CZE,VASCULAR_PLANT,ENDANGERED,412
CZE,VASCULAR_PLANT,CRITICAL,284
CZE,VASCULAR_PLANT,VULNERABLE,212
CZE,VASCULAR_PLANT,THREATENED,908
DNK,VASCULAR_PLANT,TOT_KNOWN,2909
DNK,VASCULAR_PLANT,TOT_KNOWN_IND,1200
DNK,VASCULAR_PLANT,ENDANGERED,36
DNK,VASCULAR_PLANT,CRITICAL,24
DNK,VASCULAR_PLANT,VULNERABLE,57
DNK,VASCULAR_PLANT,THREATENED,117
DNK,VASCULAR_PLANT,ENDANGERED_IND,36
DNK,VASCULAR_PLANT,CRITICAL_IND,24
DNK,VASCULAR_PLANT,VULNERABLE_IND,57
FIN,VASCULAR_PLANT,TOT_KNOWN,1240
FIN,VASCULAR_PLANT,TOT_KNOWN_IND,920
FIN,VASCULAR_PLANT,ENDANGERED,88
FIN,VASCULAR_PLANT,CRITICAL,31
FIN,VASCULAR_PLANT,VULNERABLE,78
FIN,VASCULAR_PLANT,THREATENED,197
FIN,VASCULAR_PLANT,ENDANGERED_IND,88
FIN,VASCULAR_PLANT,CRITICAL_IND,31
FIN,VASCULAR_PLANT,VULNERABLE_IND,78
FRA,VASCULAR_PLANT,TOT_KNOWN,1018
FRA,VASCULAR_PLANT,ENDANGERED,111
FRA,VASCULAR_PLANT,VULNERABLE,368
FRA,VASCULAR_PLANT,THREATENED,528
DEU,VASCULAR_PLANT,TOT_KNOWN,3272
DEU,VASCULAR_PLANT,TOT_KNOWN_IND,2954
DEU,VASCULAR_PLANT,ENDANGERED,273
DEU,VASCULAR_PLANT,CRITICAL,118
DEU,VASCULAR_PLANT,VULNERABLE,505
DEU,VASCULAR_PLANT,THREATENED,896
DEU,VASCULAR_PLANT,ENDANGERED_IND,273
DEU,VASCULAR_PLANT,CRITICAL_IND,118
DEU,VASCULAR_PLANT,VULNERABLE_IND,505
GRC,VASCULAR_PLANT,TOT_KNOWN,5850
GRC,VASCULAR_PLANT,TOT_KNOWN_IND,5700
GRC,VASCULAR_PLANT,ENDANGERED,64
GRC,VASCULAR_PLANT,CRITICAL,17
GRC,VASCULAR_PLANT,VULNERABLE,174
GRC,VASCULAR_PLANT,THREATENED,255
HUN,VASCULAR_PLANT,TOT_KNOWN,2721
HUN,VASCULAR_PLANT,TOT_KNOWN_IND,2433
HUN,VASCULAR_PLANT,ENDANGERED,162
HUN,VASCULAR_PLANT,VULNERABLE,105
HUN,VASCULAR_PLANT,THREATENED,382
HUN,VASCULAR_PLANT,ENDANGERED_IND,162
HUN,VASCULAR_PLANT,VULNERABLE_IND,105
ISL,VASCULAR_PLANT,TOT_KNOWN,438
ISL,VASCULAR_PLANT,THREATENED,52
IRL,VASCULAR_PLANT,TOT_KNOWN,1050
IRL,VASCULAR_PLANT,TOT_KNOWN_IND,1050
IRL,VASCULAR_PLANT,ENDANGERED,25
IRL,VASCULAR_PLANT,CRITICAL,20
IRL,VASCULAR_PLANT,VULNERABLE,56
IRL,VASCULAR_PLANT,THREATENED,101
IRL,VASCULAR_PLANT,ENDANGERED_IND,25
IRL,VASCULAR_PLANT,CRITICAL_IND,20
IRL,VASCULAR_PLANT,VULNERABLE_IND,56
ITA,VASCULAR_PLANT,TOT_KNOWN,8195
ITA,VASCULAR_PLANT,ENDANGERED,149
ITA,VASCULAR_PLANT,CRITICAL,128
ITA,VASCULAR_PLANT,VULNERABLE,276
ITA,VASCULAR_PLANT,THREATENED,553
JPN,VASCULAR_PLANT,TOT_KNOWN,7000
JPN,VASCULAR_PLANT,ENDANGERED,520
JPN,VASCULAR_PLANT,CRITICAL,525
JPN,VASCULAR_PLANT,VULNERABLE,741
JPN,VASCULAR_PLANT,THREATENED,1786
KOR,VASCULAR_PLANT,TOT_KNOWN,4518
KOR,VASCULAR_PLANT,ENDANGERED,86
KOR,VASCULAR_PLANT,CRITICAL,28
KOR,VASCULAR_PLANT,VULNERABLE,110
KOR,VASCULAR_PLANT,THREATENED,224
LUX,VASCULAR_PLANT,TOT_KNOWN,1323
LUX,VASCULAR_PLANT,TOT_KNOWN_IND,1205
LUX,VASCULAR_PLANT,ENDANGERED,124
LUX,VASCULAR_PLANT,CRITICAL,121
LUX,VASCULAR_PLANT,VULNERABLE,109
LUX,VASCULAR_PLANT,THREATENED,354
LUX,VASCULAR_PLANT,ENDANGERED_IND,124
LUX,VASCULAR_PLANT,CRITICAL_IND,121
LUX,VASCULAR_PLANT,VULNERABLE_IND,109
MEX,VASCULAR_PLANT,TOT_KNOWN,23296
MEX,VASCULAR_PLANT,TOT_KNOWN_IND,11551
MEX,VASCULAR_PLANT,ENDANGERED,175
MEX,VASCULAR_PLANT,CRITICAL,6
MEX,VASCULAR_PLANT,VULNERABLE,329
MEX,VASCULAR_PLANT,THREATENED,510
MEX,VASCULAR_PLANT,ENDANGERED_IND,105
MEX,VASCULAR_PLANT,CRITICAL_IND,5
MEX,VASCULAR_PLANT,VULNERABLE_IND,165
NLD,VASCULAR_PLANT,TOT_KNOWN,1395
NLD,VASCULAR_PLANT,ENDANGERED,117
NLD,VASCULAR_PLANT,CRITICAL,71
NLD,VASCULAR_PLANT,VULNERABLE,168
NLD,VASCULAR_PLANT,THREATENED,356
NZL,VASCULAR_PLANT,TOT_KNOWN,5038
NZL,VASCULAR_PLANT,TOT_KNOWN_IND,2485
NZL,VASCULAR_PLANT,ENDANGERED_IND,64
NZL,VASCULAR_PLANT,CRITICAL_IND,163
NZL,VASCULAR_PLANT,VULNERABLE_IND,101
NOR,VASCULAR_PLANT,TOT_KNOWN,3243
NOR,VASCULAR_PLANT,TOT_KNOWN_IND,1357
NOR,VASCULAR_PLANT,ENDANGERED,100
NOR,VASCULAR_PLANT,CRITICAL,35
NOR,VASCULAR_PLANT,VULNERABLE,111
NOR,VASCULAR_PLANT,THREATENED,246
NOR,VASCULAR_PLANT,ENDANGERED_IND,100
NOR,VASCULAR_PLANT,CRITICAL_IND,35
NOR,VASCULAR_PLANT,VULNERABLE_IND,111
POL,VASCULAR_PLANT,TOT_KNOWN,3087
POL,VASCULAR_PLANT,TOT_KNOWN_IND,2534
POL,VASCULAR_PLANT,ENDANGERED,139
POL,VASCULAR_PLANT,CRITICAL,123
POL,VASCULAR_PLANT,VULNERABLE,226
POL,VASCULAR_PLANT,THREATENED,488
POL,VASCULAR_PLANT,ENDANGERED_IND,123
POL,VASCULAR_PLANT,CRITICAL_IND,110
POL,VASCULAR_PLANT,VULNERABLE_IND,195
PRT,VASCULAR_PLANT,TOT_KNOWN,3607
PRT,VASCULAR_PLANT,TOT_KNOWN_IND,2927
SVK,VASCULAR_PLANT,TOT_KNOWN,3619
SVK,VASCULAR_PLANT,ENDANGERED,171
SVK,VASCULAR_PLANT,CRITICAL,155
SVK,VASCULAR_PLANT,VULNERABLE,201
SVK,VASCULAR_PLANT,THREATENED,527
ESP,VASCULAR_PLANT,TOT_KNOWN,7066
ESP,VASCULAR_PLANT,ENDANGERED,278
ESP,VASCULAR_PLANT,CRITICAL,271
ESP,VASCULAR_PLANT,VULNERABLE,714
ESP,VASCULAR_PLANT,THREATENED,1263
ESP,VASCULAR_PLANT,ENDANGERED_IND,278
ESP,VASCULAR_PLANT,CRITICAL_IND,271
ESP,VASCULAR_PLANT,VULNERABLE_IND,714
SWE,VASCULAR_PLANT,TOT_KNOWN,1561
SWE,VASCULAR_PLANT,TOT_KNOWN_IND,1561
SWE,VASCULAR_PLANT,ENDANGERED,114
SWE,VASCULAR_PLANT,CRITICAL,43
SWE,VASCULAR_PLANT,VULNERABLE,113
SWE,VASCULAR_PLANT,THREATENED,270
CHE,VASCULAR_PLANT,TOT_KNOWN,2613
CHE,VASCULAR_PLANT,TOT_KNOWN_IND,2613
CHE,VASCULAR_PLANT,ENDANGERED,197
CHE,VASCULAR_PLANT,CRITICAL,111
CHE,VASCULAR_PLANT,VULNERABLE,362
CHE,VASCULAR_PLANT,THREATENED,670
CHE,VASCULAR_PLANT,ENDANGERED_IND,197
CHE,VASCULAR_PLANT,CRITICAL_IND,111
CHE,VASCULAR_PLANT,VULNERABLE_IND,362
TUR,VASCULAR_PLANT,TOT_KNOWN,11707
TUR,VASCULAR_PLANT,THREATENED,1282
GBR,VASCULAR_PLANT,TOT_KNOWN,4562
GBR,VASCULAR_PLANT,ENDANGERED,240
GBR,VASCULAR_PLANT,CRITICAL,104
GBR,VASCULAR_PLANT,VULNERABLE,482
GBR,VASCULAR_PLANT,THREATENED,826
GBR,VASCULAR_PLANT,ENDANGERED_IND,240
GBR,VASCULAR_PLANT,CRITICAL_IND,104
GBR,VASCULAR_PLANT,VULNERABLE_IND,482
USA,VASCULAR_PLANT,TOT_KNOWN,19569
USA,VASCULAR_PLANT,TOT_KNOWN_IND,16279
USA,VASCULAR_PLANT,ENDANGERED,1462
USA,VASCULAR_PLANT,CRITICAL,1222
USA,VASCULAR_PLANT,VULNERABLE,2691
USA,VASCULAR_PLANT,THREATENED,5375
USA,VASCULAR_PLANT,ENDANGERED_IND,1461
USA,VASCULAR_PLANT,CRITICAL_IND,1221
USA,VASCULAR_PLANT,VULNERABLE_IND,2684
CHL,VASCULAR_PLANT,ENDANGERED,195
CHL,VASCULAR_PLANT,VULNERABLE,152
CHL,VASCULAR_PLANT,THREATENED,418
CHL,VASCULAR_PLANT,ENDANGERED_IND,195
CHL,VASCULAR_PLANT,VULNERABLE_IND,152
EST,VASCULAR_PLANT,TOT_KNOWN,1928
EST,VASCULAR_PLANT,TOT_KNOWN_IND,1335
EST,VASCULAR_PLANT,ENDANGERED,59
EST,VASCULAR_PLANT,CRITICAL,31
EST,VASCULAR_PLANT,VULNERABLE,91
EST,VASCULAR_PLANT,THREATENED,181
EST,VASCULAR_PLANT,ENDANGERED_IND,57
EST,VASCULAR_PLANT,CRITICAL_IND,31
EST,VASCULAR_PLANT,VULNERABLE_IND,90
ISR,VASCULAR_PLANT,TOT_KNOWN_IND,2288
ISR,VASCULAR_PLANT,ENDANGERED_IND,117
ISR,VASCULAR_PLANT,CRITICAL_IND,62
ISR,VASCULAR_PLANT,VULNERABLE_IND,198
RUS,VASCULAR_PLANT,TOT_KNOWN,11400
RUS,VASCULAR_PLANT,THREATENED,201
SVN,VASCULAR_PLANT,TOT_KNOWN,3452
SVN,VASCULAR_PLANT,TOT_KNOWN_IND,3119
SVN,VASCULAR_PLANT,ENDANGERED,80
SVN,VASCULAR_PLANT,VULNERABLE,254
SVN,VASCULAR_PLANT,THREATENED,334
SVN,VASCULAR_PLANT,ENDANGERED_IND,80
SVN,VASCULAR_PLANT,VULNERABLE_IND,254
AUS,FISH_TOT,TOT_KNOWN,5203
AUS,FISH_TOT,ENDANGERED,16
AUS,MARINE_F,ENDANGERED,2
AUS,FRESHW_F,ENDANGERED,14
AUS,FISH_TOT,CRITICAL,8
AUS,MARINE_F,CRITICAL,3
AUS,FRESHW_F,CRITICAL,5
AUS,FISH_TOT,VULNERABLE,24
AUS,MARINE_F,VULNERABLE,8
AUS,FRESHW_F,VULNERABLE,16
AUS,FISH_TOT,THREATENED,48
AUS,MARINE_F,THREATENED,13
AUS,FRESHW_F,THREATENED,35
AUS,MAMMAL,THREAT_PERCENT,27.114
AUS,BIRD,THREAT_PERCENT,16.835
AUS,REPTILE,THREAT_PERCENT,5.951
AUS,AMPHIBIAN,THREAT_PERCENT,11.983
AUS,VASCULAR_PLANT,THREAT_PERCENT,6.58
AUS,FISH_TOT,THREAT_PERCENT,0.923
AUT,FISH_TOT,TOT_KNOWN,84
AUT,FRESHW_F,TOT_KNOWN,84
AUT,FISH_TOT,TOT_KNOWN_IND,84
AUT,FRESHW_F,TOT_KNOWN_IND,84
AUT,FISH_TOT,ENDANGERED,18
AUT,FRESHW_F,ENDANGERED,18
AUT,FISH_TOT,CRITICAL,6
AUT,FRESHW_F,CRITICAL,6
AUT,FISH_TOT,VULNERABLE,15
AUT,FRESHW_F,VULNERABLE,15
AUT,FISH_TOT,THREATENED,39
AUT,FRESHW_F,THREATENED,39
AUT,FISH_TOT,ENDANGERED_IND,18
AUT,FRESHW_F,ENDANGERED_IND,18
AUT,FISH_TOT,CRITICAL_IND,6
AUT,FRESHW_F,CRITICAL_IND,6
AUT,FISH_TOT,VULNERABLE_IND,15
AUT,FRESHW_F,VULNERABLE_IND,15
AUT,MAMMAL,THREATENED_IND,27
AUT,BIRD,THREATENED_IND,66
AUT,REPTILE,THREATENED_IND,9
AUT,AMPHIBIAN,THREATENED_IND,12
AUT,VASCULAR_PLANT,THREATENED_IND,985
AUT,FISH_TOT,THREATENED_IND,39
AUT,FRESHW_F,THREATENED_IND,39
AUT,MAMMAL,THREAT_PERCENT,26.733
AUT,BIRD,THREAT_PERCENT,27.273
AUT,REPTILE,THREAT_PERCENT,64.286
AUT,AMPHIBIAN,THREAT_PERCENT,60
AUT,VASCULAR_PLANT,THREAT_PERCENT,33.39
AUT,FISH_TOT,THREAT_PERCENT,46.429
AUT,FRESHW_F,THREAT_PERCENT,46.429
AUT,MAMMAL,IND_PERCENT,26.733
AUT,BIRD,IND_PERCENT,27.273
AUT,REPTILE,IND_PERCENT,64.286
AUT,AMPHIBIAN,IND_PERCENT,60
AUT,VASCULAR_PLANT,IND_PERCENT,33.39
AUT,FISH_TOT,IND_PERCENT,46.429
AUT,FRESHW_F,IND_PERCENT,46.429
BEL,FISH_TOT,TOT_KNOWN,142
BEL,MARINE_F,TOT_KNOWN,99
BEL,FRESHW_F,TOT_KNOWN,43
BEL,FISH_TOT,TOT_KNOWN_IND,123
BEL,MARINE_F,TOT_KNOWN_IND,99
BEL,FRESHW_F,TOT_KNOWN_IND,24
BEL,FISH_TOT,ENDANGERED,4
BEL,MARINE_F,ENDANGERED,3
BEL,FRESHW_F,ENDANGERED,1
BEL,FISH_TOT,CRITICAL,3
BEL,MARINE_F,CRITICAL,2
BEL,FRESHW_F,CRITICAL,1
BEL,FISH_TOT,VULNERABLE,22
BEL,MARINE_F,VULNERABLE,9
BEL,FRESHW_F,VULNERABLE,13
BEL,FISH_TOT,THREATENED,29
BEL,MARINE_F,THREATENED,14
BEL,FRESHW_F,THREATENED,15
BEL,FISH_TOT,ENDANGERED_IND,4
BEL,MARINE_F,ENDANGERED_IND,3
BEL,FRESHW_F,ENDANGERED_IND,1
BEL,FISH_TOT,CRITICAL_IND,3
BEL,MARINE_F,CRITICAL_IND,2
BEL,FRESHW_F,CRITICAL_IND,1
BEL,FISH_TOT,VULNERABLE_IND,22
BEL,MARINE_F,VULNERABLE_IND,9
BEL,FRESHW_F,VULNERABLE_IND,13
BEL,MAMMAL,THREATENED_IND,18
BEL,BIRD,THREATENED_IND,55
BEL,REPTILE,THREATENED_IND,4
BEL,AMPHIBIAN,THREATENED_IND,6
BEL,VASCULAR_PLANT,THREATENED_IND,423
BEL,FISH_TOT,THREATENED_IND,29
BEL,MARINE_F,THREATENED_IND,14
BEL,FRESHW_F,THREATENED_IND,15
BEL,MAMMAL,THREAT_PERCENT,21.429
BEL,BIRD,THREAT_PERCENT,27.778
BEL,REPTILE,THREAT_PERCENT,40
BEL,AMPHIBIAN,THREAT_PERCENT,31.579
BEL,VASCULAR_PLANT,THREAT_PERCENT,23.267
BEL,FISH_TOT,THREAT_PERCENT,20.423
BEL,MARINE_F,THREAT_PERCENT,14.141
BEL,FRESHW_F,THREAT_PERCENT,34.884
BEL,MAMMAL,IND_PERCENT,27.692
BEL,BIRD,IND_PERCENT,30.899
BEL,REPTILE,IND_PERCENT,57.143
BEL,AMPHIBIAN,IND_PERCENT,37.5
BEL,VASCULAR_PLANT,IND_PERCENT,29.416
BEL,FISH_TOT,IND_PERCENT,23.577
BEL,MARINE_F,IND_PERCENT,14.141
BEL,FRESHW_F,IND_PERCENT,62.5
CAN,FISH_TOT,TOT_KNOWN,1376
CAN,MARINE_F,TOT_KNOWN,1211
CAN,FRESHW_F,TOT_KNOWN,165
CAN,FISH_TOT,TOT_KNOWN_IND,1361
CAN,MARINE_F,TOT_KNOWN_IND,1211
CAN,FRESHW_F,TOT_KNOWN_IND,150
CAN,FISH_TOT,ENDANGERED,25
CAN,MARINE_F,ENDANGERED,11
CAN,FRESHW_F,ENDANGERED,14
CAN,MAMMAL,CRITICAL,11
CAN,BIRD,CRITICAL,26
CAN,REPTILE,CRITICAL,5
CAN,AMPHIBIAN,CRITICAL,2
CAN,VASCULAR_PLANT,CRITICAL,315
CAN,FISH_TOT,CRITICAL,9
CAN,MARINE_F,CRITICAL,3
CAN,FRESHW_F,CRITICAL,6
CAN,FISH_TOT,VULNERABLE,54
CAN,MARINE_F,VULNERABLE,38
CAN,FRESHW_F,VULNERABLE,16
CAN,FISH_TOT,THREATENED,88
CAN,MARINE_F,THREATENED,52
CAN,FRESHW_F,THREATENED,36
CAN,FISH_TOT,ENDANGERED_IND,25
CAN,MARINE_F,ENDANGERED_IND,11
CAN,FRESHW_F,ENDANGERED_IND,14
CAN,MAMMAL,CRITICAL_IND,11
CAN,BIRD,CRITICAL_IND,26
CAN,REPTILE,CRITICAL_IND,5
CAN,AMPHIBIAN,CRITICAL_IND,2
CAN,VASCULAR_PLANT,CRITICAL_IND,315
CAN,FISH_TOT,CRITICAL_IND,9
CAN,MARINE_F,CRITICAL_IND,3
CAN,FRESHW_F,CRITICAL_IND,6
CAN,FISH_TOT,VULNERABLE_IND,54
CAN,MARINE_F,VULNERABLE_IND,38
CAN,FRESHW_F,VULNERABLE_IND,16
CAN,MAMMAL,THREATENED_IND,52
CAN,BIRD,THREATENED_IND,88
CAN,REPTILE,THREATENED_IND,26
CAN,AMPHIBIAN,THREATENED_IND,16
CAN,VASCULAR_PLANT,THREATENED_IND,1107
CAN,FISH_TOT,THREATENED_IND,88
CAN,MARINE_F,THREATENED_IND,52
CAN,FRESHW_F,THREATENED_IND,36
CAN,MAMMAL,THREAT_PERCENT,23.529
CAN,BIRD,THREAT_PERCENT,13.056
CAN,REPTILE,THREAT_PERCENT,57.778
CAN,AMPHIBIAN,THREAT_PERCENT,34.043
CAN,VASCULAR_PLANT,THREAT_PERCENT,21.35
CAN,FISH_TOT,THREAT_PERCENT,6.395
CAN,MARINE_F,THREAT_PERCENT,4.294
CAN,FRESHW_F,THREAT_PERCENT,21.818
CAN,MAMMAL,IND_PERCENT,24.88
CAN,BIRD,IND_PERCENT,13.253
CAN,REPTILE,IND_PERCENT,60.465
CAN,AMPHIBIAN,IND_PERCENT,34.043
CAN,VASCULAR_PLANT,IND_PERCENT,28.605
CAN,FISH_TOT,IND_PERCENT,6.466
CAN,MARINE_F,IND_PERCENT,4.294
CAN,FRESHW_F,IND_PERCENT,24
CZE,FISH_TOT,TOT_KNOWN,65
CZE,FRESHW_F,TOT_KNOWN,65
CZE,FISH_TOT,TOT_KNOWN_IND,52
CZE,FRESHW_F,TOT_KNOWN_IND,52
CZE,FISH_TOT,ENDANGERED,2
CZE,FRESHW_F,ENDANGERED,2
CZE,FISH_TOT,CRITICAL,15
CZE,FRESHW_F,CRITICAL,15
CZE,FISH_TOT,VULNERABLE,8
CZE,FRESHW_F,VULNERABLE,8
CZE,FISH_TOT,THREATENED,25
CZE,FRESHW_F,THREATENED,25
CZE,MAMMAL,THREAT_PERCENT,16.484
CZE,BIRD,THREAT_PERCENT,47.143
CZE,REPTILE,THREAT_PERCENT,53.846
CZE,AMPHIBIAN,THREAT_PERCENT,72.727
CZE,VASCULAR_PLANT,THREAT_PERCENT,25.527
CZE,FISH_TOT,THREAT_PERCENT,38.462
CZE,FRESHW_F,THREAT_PERCENT,38.462
DNK,FRESHW_F,TOT_KNOWN,55
DNK,FRESHW_F,TOT_KNOWN_IND,36
DNK,FRESHW_F,CRITICAL,2
DNK,FRESHW_F,VULNERABLE,6
DNK,FRESHW_F,THREATENED,8
DNK,FRESHW_F,CRITICAL_IND,2
DNK,FRESHW_F,VULNERABLE_IND,6
DNK,MAMMAL,THREATENED_IND,11
DNK,BIRD,THREATENED_IND,34
DNK,AMPHIBIAN,THREATENED_IND,1
DNK,VASCULAR_PLANT,THREATENED_IND,117
DNK,FRESHW_F,THREATENED_IND,8
DNK,MAMMAL,THREAT_PERCENT,16.418
DNK,BIRD,THREAT_PERCENT,16.268
DNK,AMPHIBIAN,THREAT_PERCENT,6.667
DNK,VASCULAR_PLANT,THREAT_PERCENT,4.022
DNK,FRESHW_F,THREAT_PERCENT,14.545
DNK,MAMMAL,IND_PERCENT,18.966
DNK,BIRD,IND_PERCENT,16.268
DNK,AMPHIBIAN,IND_PERCENT,6.667
DNK,VASCULAR_PLANT,IND_PERCENT,9.75
DNK,FRESHW_F,IND_PERCENT,22.222
FIN,FRESHW_F,TOT_KNOWN,69
FIN,FRESHW_F,TOT_KNOWN_IND,69
FIN,FRESHW_F,ENDANGERED,3
FIN,FRESHW_F,CRITICAL,4
FIN,FRESHW_F,VULNERABLE,5
FIN,FRESHW_F,THREATENED,12
FIN,FRESHW_F,ENDANGERED_IND,3
FIN,FRESHW_F,CRITICAL_IND,4
FIN,FRESHW_F,VULNERABLE_IND,5
FIN,MAMMAL,THREATENED_IND,7
FIN,BIRD,THREATENED_IND,87
FIN,REPTILE,THREATENED_IND,1
FIN,AMPHIBIAN,THREATENED_IND,1
FIN,VASCULAR_PLANT,THREATENED_IND,197
FIN,FRESHW_F,THREATENED_IND,12
FIN,MAMMAL,THREAT_PERCENT,9.333
FIN,BIRD,THREAT_PERCENT,35.081
FIN,REPTILE,THREAT_PERCENT,20
FIN,AMPHIBIAN,THREAT_PERCENT,14.286
FIN,VASCULAR_PLANT,THREAT_PERCENT,15.887
FIN,FRESHW_F,THREAT_PERCENT,17.391
FIN,MAMMAL,IND_PERCENT,10.448
FIN,BIRD,IND_PERCENT,35.51
FIN,REPTILE,IND_PERCENT,20
FIN,AMPHIBIAN,IND_PERCENT,14.286
FIN,VASCULAR_PLANT,IND_PERCENT,21.413
FIN,FRESHW_F,IND_PERCENT,17.391
FRA,FRESHW_F,TOT_KNOWN,69
FRA,FRESHW_F,ENDANGERED,2
FRA,FRESHW_F,CRITICAL,4
FRA,FRESHW_F,VULNERABLE,9
FRA,FRESHW_F,THREATENED,15
FRA,BIRD,CRITICAL_IND,16
FRA,BIRD,THREATENED_IND,92
FRA,MAMMAL,THREAT_PERCENT,13.6
FRA,BIRD,THREAT_PERCENT,27.366
FRA,REPTILE,THREAT_PERCENT,23.684
FRA,AMPHIBIAN,THREAT_PERCENT,22.857
FRA,FRESHW_F,THREAT_PERCENT,21.739
FRA,BIRD,IND_PERCENT,32.394
DEU,FRESHW_F,TOT_KNOWN,93
DEU,FRESHW_F,TOT_KNOWN_IND,79
DEU,FRESHW_F,ENDANGERED,9
DEU,FRESHW_F,CRITICAL,8
DEU,FRESHW_F,VULNERABLE,11
DEU,FRESHW_F,THREATENED,28
DEU,FRESHW_F,ENDANGERED_IND,9
DEU,FRESHW_F,CRITICAL_IND,8
DEU,FRESHW_F,VULNERABLE_IND,11
DEU,MAMMAL,THREATENED_IND,32
DEU,BIRD,THREATENED_IND,94
DEU,REPTILE,THREATENED_IND,8
DEU,AMPHIBIAN,THREATENED_IND,8
DEU,VASCULAR_PLANT,THREATENED_IND,896
DEU,FRESHW_F,THREATENED_IND,28
DEU,MAMMAL,THREAT_PERCENT,34.409
DEU,BIRD,THREAT_PERCENT,35.606
DEU,REPTILE,THREAT_PERCENT,61.538
DEU,AMPHIBIAN,THREAT_PERCENT,36.364
DEU,VASCULAR_PLANT,THREAT_PERCENT,27.384
DEU,FRESHW_F,THREAT_PERCENT,30.108
DEU,MAMMAL,IND_PERCENT,37.647
DEU,BIRD,IND_PERCENT,38.525
DEU,REPTILE,IND_PERCENT,61.538
DEU,AMPHIBIAN,IND_PERCENT,40
DEU,VASCULAR_PLANT,IND_PERCENT,30.332
DEU,FRESHW_F,IND_PERCENT,35.443
GRC,FISH_TOT,TOT_KNOWN,665
GRC,MARINE_F,TOT_KNOWN,511
GRC,FRESHW_F,TOT_KNOWN,154
GRC,FISH_TOT,TOT_KNOWN_IND,601
GRC,MARINE_F,TOT_KNOWN_IND,469
GRC,FRESHW_F,TOT_KNOWN_IND,125
GRC,FISH_TOT,ENDANGERED,16
GRC,MARINE_F,ENDANGERED,4
GRC,FRESHW_F,ENDANGERED,12
GRC,FISH_TOT,CRITICAL,19
GRC,MARINE_F,CRITICAL,5
GRC,FRESHW_F,CRITICAL,14
GRC,FISH_TOT,VULNERABLE,28
GRC,MARINE_F,VULNERABLE,5
GRC,FRESHW_F,VULNERABLE,23
GRC,FISH_TOT,THREATENED,63
GRC,MARINE_F,THREATENED,14
GRC,FRESHW_F,THREATENED,49
GRC,FISH_TOT,ENDANGERED_IND,16
GRC,MARINE_F,ENDANGERED_IND,4
GRC,FRESHW_F,ENDANGERED_IND,12
GRC,FISH_TOT,CRITICAL_IND,19
GRC,MARINE_F,CRITICAL_IND,5
GRC,FRESHW_F,CRITICAL_IND,14
GRC,FISH_TOT,VULNERABLE_IND,28
GRC,MARINE_F,VULNERABLE_IND,5
GRC,FRESHW_F,VULNERABLE_IND,23
GRC,MAMMAL,THREATENED_IND,29
GRC,BIRD,THREATENED_IND,62
GRC,REPTILE,THREATENED_IND,9
GRC,AMPHIBIAN,THREATENED_IND,6
GRC,FISH_TOT,THREATENED_IND,63
GRC,MARINE_F,THREATENED_IND,14
GRC,FRESHW_F,THREATENED_IND,49
GRC,MAMMAL,THREAT_PERCENT,25.217
GRC,BIRD,THREAT_PERCENT,14.091
GRC,REPTILE,THREAT_PERCENT,13.636
GRC,AMPHIBIAN,THREAT_PERCENT,26.087
GRC,VASCULAR_PLANT,THREAT_PERCENT,4.359
GRC,FISH_TOT,THREAT_PERCENT,9.474
GRC,MARINE_F,THREAT_PERCENT,2.74
GRC,FRESHW_F,THREAT_PERCENT,31.818
GRC,MAMMAL,IND_PERCENT,25.664
GRC,BIRD,IND_PERCENT,17.664
GRC,REPTILE,IND_PERCENT,14.063
GRC,AMPHIBIAN,IND_PERCENT,27.273
GRC,FISH_TOT,IND_PERCENT,10.483
GRC,MARINE_F,IND_PERCENT,2.985
GRC,FRESHW_F,IND_PERCENT,39.2
HUN,FISH_TOT,TOT_KNOWN,81
HUN,FRESHW_F,TOT_KNOWN,81
HUN,FISH_TOT,TOT_KNOWN_IND,52
HUN,FRESHW_F,TOT_KNOWN_IND,52
HUN,FISH_TOT,THREATENED,35
HUN,FRESHW_F,THREATENED,35
HUN,MAMMAL,THREATENED_IND,14
HUN,BIRD,THREATENED_IND,78
HUN,REPTILE,THREATENED_IND,4
HUN,AMPHIBIAN,THREATENED_IND,2
HUN,VASCULAR_PLANT,THREATENED_IND,382
HUN,MAMMAL,THREAT_PERCENT,16.092
HUN,BIRD,THREAT_PERCENT,17.931
HUN,REPTILE,THREAT_PERCENT,26.667
HUN,AMPHIBIAN,THREAT_PERCENT,11.111
HUN,VASCULAR_PLANT,THREAT_PERCENT,14.039
HUN,FISH_TOT,THREAT_PERCENT,43.21
HUN,FRESHW_F,THREAT_PERCENT,43.21
HUN,MAMMAL,IND_PERCENT,18.421
HUN,BIRD,IND_PERCENT,18.571
HUN,REPTILE,IND_PERCENT,26.667
HUN,AMPHIBIAN,IND_PERCENT,11.111
HUN,VASCULAR_PLANT,IND_PERCENT,15.701
ISL,FRESHW_F,TOT_KNOWN,5
ISL,BIRD,THREAT_PERCENT,44
ISL,VASCULAR_PLANT,THREAT_PERCENT,11.872
IRL,FISH_TOT,TOT_KNOWN,404
IRL,MARINE_F,TOT_KNOWN,376
IRL,FRESHW_F,TOT_KNOWN,28
IRL,FISH_TOT,TOT_KNOWN_IND,391
IRL,MARINE_F,TOT_KNOWN_IND,376
IRL,FRESHW_F,TOT_KNOWN_IND,15
IRL,FRESHW_F,CRITICAL,1
IRL,FRESHW_F,VULNERABLE,4
IRL,FRESHW_F,THREATENED,5
IRL,FRESHW_F,CRITICAL_IND,1
IRL,FRESHW_F,VULNERABLE_IND,4
IRL,REPTILE,THREATENED_IND,0
IRL,AMPHIBIAN,THREATENED_IND,1
IRL,VASCULAR_PLANT,THREATENED_IND,101
IRL,FRESHW_F,THREATENED_IND,5
IRL,MAMMAL,THREAT_PERCENT,1.754
IRL,BIRD,THREAT_PERCENT,26.569
IRL,REPTILE,THREAT_PERCENT,0
IRL,AMPHIBIAN,THREAT_PERCENT,33.333
IRL,VASCULAR_PLANT,THREAT_PERCENT,9.619
IRL,FRESHW_F,THREAT_PERCENT,17.857
IRL,REPTILE,IND_PERCENT,0
IRL,AMPHIBIAN,IND_PERCENT,33.333
IRL,VASCULAR_PLANT,IND_PERCENT,9.619
IRL,FRESHW_F,IND_PERCENT,33.333
ITA,FISH_TOT,TOT_KNOWN,641
ITA,MARINE_F,TOT_KNOWN,544
ITA,FRESHW_F,TOT_KNOWN,97
ITA,FRESHW_F,ENDANGERED,6
ITA,FRESHW_F,CRITICAL,11
ITA,FRESHW_F,VULNERABLE,8
ITA,FRESHW_F,THREATENED,25
ITA,MAMMAL,THREAT_PERCENT,18.254
ITA,BIRD,THREAT_PERCENT,27.715
ITA,REPTILE,THREAT_PERCENT,19.643
ITA,AMPHIBIAN,THREAT_PERCENT,31.818
ITA,VASCULAR_PLANT,THREAT_PERCENT,6.748
ITA,FRESHW_F,THREAT_PERCENT,25.773
JPN,FRESHW_F,TOT_KNOWN,400
JPN,FRESHW_F,ENDANGERED,54
JPN,FRESHW_F,CRITICAL,71
JPN,FRESHW_F,VULNERABLE,44
JPN,FRESHW_F,THREATENED,169
JPN,MAMMAL,THREAT_PERCENT,20.625
JPN,BIRD,THREAT_PERCENT,13.857
JPN,REPTILE,THREAT_PERCENT,37
JPN,AMPHIBIAN,THREAT_PERCENT,37.662
JPN,VASCULAR_PLANT,THREAT_PERCENT,25.514
JPN,FRESHW_F,THREAT_PERCENT,42.25
KOR,FISH_TOT,TOT_KNOWN,1280
KOR,FISH_TOT,ENDANGERED,13
KOR,FRESHW_F,ENDANGERED,13
KOR,FISH_TOT,CRITICAL,4
KOR,FRESHW_F,CRITICAL,4
KOR,FISH_TOT,VULNERABLE,9
KOR,FRESHW_F,VULNERABLE,9
KOR,FISH_TOT,THREATENED,26
KOR,FRESHW_F,THREATENED,26
KOR,MAMMAL,THREAT_PERCENT,11.2
KOR,BIRD,THREAT_PERCENT,10.436
KOR,REPTILE,THREAT_PERCENT,15.625
KOR,AMPHIBIAN,THREAT_PERCENT,25
KOR,VASCULAR_PLANT,THREAT_PERCENT,4.958
KOR,FISH_TOT,THREAT_PERCENT,2.031
LUX,FISH_TOT,TOT_KNOWN,43
LUX,FRESHW_F,TOT_KNOWN,43
LUX,FISH_TOT,TOT_KNOWN_IND,27
LUX,FRESHW_F,TOT_KNOWN_IND,27
LUX,FISH_TOT,ENDANGERED,1
LUX,FRESHW_F,ENDANGERED,1
LUX,FISH_TOT,CRITICAL,3
LUX,FRESHW_F,CRITICAL,3
LUX,FISH_TOT,VULNERABLE,8
LUX,FRESHW_F,VULNERABLE,8
LUX,FISH_TOT,THREATENED,12
LUX,FRESHW_F,THREATENED,12
LUX,FISH_TOT,ENDANGERED_IND,1
LUX,FRESHW_F,ENDANGERED_IND,1
LUX,FISH_TOT,CRITICAL_IND,3
LUX,FRESHW_F,CRITICAL_IND,3
LUX,FISH_TOT,VULNERABLE_IND,8
LUX,FRESHW_F,VULNERABLE_IND,8
LUX,VASCULAR_PLANT,THREATENED_IND,354
LUX,FISH_TOT,THREATENED_IND,12
LUX,FRESHW_F,THREATENED_IND,12
LUX,BIRD,THREAT_PERCENT,19.084
LUX,REPTILE,THREAT_PERCENT,33.333
LUX,AMPHIBIAN,THREAT_PERCENT,28.571
LUX,VASCULAR_PLANT,THREAT_PERCENT,26.757
LUX,FISH_TOT,THREAT_PERCENT,27.907
LUX,FRESHW_F,THREAT_PERCENT,27.907
LUX,VASCULAR_PLANT,IND_PERCENT,29.378
LUX,FISH_TOT,IND_PERCENT,44.444
LUX,FRESHW_F,IND_PERCENT,44.444
MEX,FISH_TOT,TOT_KNOWN,2763
MEX,FISH_TOT,ENDANGERED,81
MEX,FISH_TOT,CRITICAL,13
MEX,FISH_TOT,VULNERABLE,80
MEX,FISH_TOT,THREATENED,174
MEX,FISH_TOT,ENDANGERED_IND,74
MEX,FISH_TOT,CRITICAL_IND,8
MEX,FISH_TOT,VULNERABLE_IND,62
MEX,MAMMAL,THREATENED_IND,84
MEX,BIRD,THREATENED_IND,82
MEX,REPTILE,THREATENED_IND,109
MEX,AMPHIBIAN,THREATENED_IND,43
MEX,VASCULAR_PLANT,THREATENED_IND,275
MEX,FISH_TOT,THREATENED_IND,144
MEX,MAMMAL,THREAT_PERCENT,26.773
MEX,BIRD,THREAT_PERCENT,20.748
MEX,REPTILE,THREAT_PERCENT,18.172
MEX,AMPHIBIAN,THREAT_PERCENT,12.782
MEX,VASCULAR_PLANT,THREAT_PERCENT,2.189
MEX,FISH_TOT,THREAT_PERCENT,6.298
MEX,MAMMAL,IND_PERCENT,51.852
MEX,BIRD,IND_PERCENT,42.268
MEX,REPTILE,IND_PERCENT,21.415
MEX,AMPHIBIAN,IND_PERCENT,16.667
MEX,VASCULAR_PLANT,IND_PERCENT,2.381
NLD,FISH_TOT,TOT_KNOWN,97
NLD,MARINE_F,TOT_KNOWN,57
NLD,FRESHW_F,TOT_KNOWN,40
NLD,AMPHIBIAN,TOT_KNOWN_IND,16
NLD,FISH_TOT,TOT_KNOWN_IND,97
NLD,MARINE_F,TOT_KNOWN_IND,57
NLD,FRESHW_F,TOT_KNOWN_IND,40
NLD,FISH_TOT,ENDANGERED,5
NLD,MARINE_F,ENDANGERED,3
NLD,FRESHW_F,ENDANGERED,2
NLD,FISH_TOT,CRITICAL,4
NLD,MARINE_F,CRITICAL,3
NLD,FRESHW_F,CRITICAL,1
NLD,FISH_TOT,VULNERABLE,14
NLD,MARINE_F,VULNERABLE,4
NLD,FRESHW_F,VULNERABLE,10
NLD,FISH_TOT,THREATENED,23
NLD,MARINE_F,THREATENED,10
NLD,FRESHW_F,THREATENED,13
NLD,FISH_TOT,ENDANGERED_IND,5
NLD,MARINE_F,ENDANGERED_IND,3
NLD,FRESHW_F,ENDANGERED_IND,2
NLD,AMPHIBIAN,CRITICAL_IND,2
NLD,FISH_TOT,CRITICAL_IND,4
NLD,MARINE_F,CRITICAL_IND,3
NLD,FRESHW_F,CRITICAL_IND,1
NLD,FISH_TOT,VULNERABLE_IND,14
NLD,MARINE_F,VULNERABLE_IND,4
NLD,FRESHW_F,VULNERABLE_IND,10
NLD,FISH_TOT,THREATENED_IND,23
NLD,MARINE_F,THREATENED_IND,10
NLD,FRESHW_F,THREATENED_IND,13
NLD,MAMMAL,THREAT_PERCENT,20.755
NLD,BIRD,THREAT_PERCENT,23.81
NLD,REPTILE,THREAT_PERCENT,71.429
NLD,AMPHIBIAN,THREAT_PERCENT,43.75
NLD,VASCULAR_PLANT,THREAT_PERCENT,25.52
NLD,FISH_TOT,THREAT_PERCENT,23.711
NLD,MARINE_F,THREAT_PERCENT,17.544
NLD,FRESHW_F,THREAT_PERCENT,32.5
NLD,FISH_TOT,IND_PERCENT,23.711
NLD,MARINE_F,IND_PERCENT,17.544
NLD,FRESHW_F,IND_PERCENT,32.5
NZL,FRESHW_F,TOT_KNOWN,75
NZL,FRESHW_F,TOT_KNOWN_IND,54
NZL,FRESHW_F,ENDANGERED_IND,6
NZL,FRESHW_F,CRITICAL_IND,4
NZL,FRESHW_F,VULNERABLE_IND,12
NZL,MAMMAL,THREATENED_IND,10
NZL,BIRD,THREATENED_IND,65
NZL,REPTILE,THREATENED_IND,37
NZL,AMPHIBIAN,THREATENED_IND,1
NZL,VASCULAR_PLANT,THREATENED_IND,328
NZL,FRESHW_F,THREATENED_IND,22
NZL,MAMMAL,IND_PERCENT,27.027
NZL,BIRD,IND_PERCENT,29.954
NZL,REPTILE,IND_PERCENT,34.906
NZL,AMPHIBIAN,IND_PERCENT,25
NZL,VASCULAR_PLANT,IND_PERCENT,13.199
NZL,FRESHW_F,IND_PERCENT,40.741
NOR,FISH_TOT,TOT_KNOWN,312
NOR,MARINE_F,TOT_KNOWN,285
NOR,FRESHW_F,TOT_KNOWN,47
NOR,FISH_TOT,TOT_KNOWN_IND,196
NOR,MARINE_F,TOT_KNOWN_IND,164
NOR,FRESHW_F,TOT_KNOWN_IND,32
NOR,FISH_TOT,ENDANGERED,4
NOR,MARINE_F,ENDANGERED,4
NOR,FISH_TOT,CRITICAL,1
NOR,MARINE_F,CRITICAL,1
NOR,FISH_TOT,VULNERABLE,2
NOR,MARINE_F,VULNERABLE,2
NOR,FISH_TOT,THREATENED,7
NOR,MARINE_F,THREATENED,7
NOR,FISH_TOT,ENDANGERED_IND,4
NOR,MARINE_F,ENDANGERED_IND,4
NOR,FISH_TOT,CRITICAL_IND,1
NOR,MARINE_F,CRITICAL_IND,1
NOR,FISH_TOT,VULNERABLE_IND,2
NOR,MARINE_F,VULNERABLE_IND,2
NOR,MAMMAL,THREATENED_IND,17
NOR,BIRD,THREATENED_IND,46
NOR,AMPHIBIAN,THREATENED_IND,1
NOR,VASCULAR_PLANT,THREATENED_IND,246
NOR,FISH_TOT,THREATENED_IND,7
NOR,MARINE_F,THREATENED_IND,7
NOR,MAMMAL,THREAT_PERCENT,19.101
NOR,BIRD,THREAT_PERCENT,17.424
NOR,AMPHIBIAN,THREAT_PERCENT,16.667
NOR,VASCULAR_PLANT,THREAT_PERCENT,7.586
NOR,FISH_TOT,THREAT_PERCENT,2.244
NOR,MARINE_F,THREAT_PERCENT,2.456
NOR,MAMMAL,IND_PERCENT,23.288
NOR,BIRD,IND_PERCENT,19.828
NOR,AMPHIBIAN,IND_PERCENT,16.667
NOR,VASCULAR_PLANT,IND_PERCENT,18.128
NOR,FISH_TOT,IND_PERCENT,3.571
NOR,MARINE_F,IND_PERCENT,4.268
POL,FISH_TOT,TOT_KNOWN,138
POL,MARINE_F,TOT_KNOWN,50
POL,FRESHW_F,TOT_KNOWN,70
POL,FISH_TOT,TOT_KNOWN_IND,104
POL,MARINE_F,TOT_KNOWN_IND,49
POL,FRESHW_F,TOT_KNOWN_IND,65
POL,FISH_TOT,ENDANGERED,15
POL,MARINE_F,ENDANGERED,9
POL,FRESHW_F,ENDANGERED,5
POL,FISH_TOT,CRITICAL,7
POL,FRESHW_F,CRITICAL,5
POL,FISH_TOT,VULNERABLE,7
POL,FRESHW_F,VULNERABLE,14
POL,FISH_TOT,THREATENED,29
POL,MARINE_F,THREATENED,9
POL,FRESHW_F,THREATENED,24
POL,FISH_TOT,ENDANGERED_IND,15
POL,MARINE_F,ENDANGERED_IND,9
POL,FRESHW_F,ENDANGERED_IND,5
POL,FISH_TOT,CRITICAL_IND,7
POL,FRESHW_F,CRITICAL_IND,5
POL,FISH_TOT,VULNERABLE_IND,7
POL,FRESHW_F,VULNERABLE_IND,14
POL,MAMMAL,THREATENED_IND,13
POL,BIRD,THREATENED_IND,34
POL,REPTILE,THREATENED_IND,3
POL,VASCULAR_PLANT,THREATENED_IND,428
POL,FISH_TOT,THREATENED_IND,29
POL,MARINE_F,THREATENED_IND,9
POL,FRESHW_F,THREATENED_IND,24
POL,MAMMAL,THREAT_PERCENT,11.607
POL,BIRD,THREAT_PERCENT,7.539
POL,REPTILE,THREAT_PERCENT,27.273
POL,VASCULAR_PLANT,THREAT_PERCENT,15.808
POL,FISH_TOT,THREAT_PERCENT,21.014
POL,MARINE_F,THREAT_PERCENT,18
POL,FRESHW_F,THREAT_PERCENT,34.286
POL,MAMMAL,IND_PERCENT,13
POL,BIRD,IND_PERCENT,7.64
POL,REPTILE,IND_PERCENT,33.333
POL,VASCULAR_PLANT,IND_PERCENT,16.89
POL,FISH_TOT,IND_PERCENT,27.885
POL,MARINE_F,IND_PERCENT,18.367
POL,FRESHW_F,IND_PERCENT,36.923
PRT,FISH_TOT,TOT_KNOWN,65
PRT,FISH_TOT,TOT_KNOWN_IND,35
PRT,FISH_TOT,ENDANGERED,10
PRT,FISH_TOT,CRITICAL,8
PRT,FISH_TOT,VULNERABLE,4
PRT,FISH_TOT,THREATENED,22
PRT,FISH_TOT,ENDANGERED_IND,10
PRT,FISH_TOT,CRITICAL_IND,8
PRT,FISH_TOT,VULNERABLE_IND,4
PRT,MAMMAL,THREATENED_IND,31
PRT,BIRD,THREATENED_IND,111
PRT,REPTILE,THREATENED_IND,10
PRT,AMPHIBIAN,THREATENED_IND,2
PRT,FISH_TOT,THREATENED_IND,22
PRT,MAMMAL,THREAT_PERCENT,19.62
PRT,BIRD,THREAT_PERCENT,28.244
PRT,REPTILE,THREAT_PERCENT,20.408
PRT,AMPHIBIAN,THREAT_PERCENT,10
PRT,FISH_TOT,THREAT_PERCENT,33.846
PRT,MAMMAL,IND_PERCENT,28.704
PRT,BIRD,IND_PERCENT,30.663
PRT,REPTILE,IND_PERCENT,31.25
PRT,AMPHIBIAN,IND_PERCENT,11.765
PRT,FISH_TOT,IND_PERCENT,62.857
SVK,FRESHW_F,TOT_KNOWN,79
SVK,FRESHW_F,TOT_KNOWN_IND,63
SVK,FRESHW_F,ENDANGERED,6
SVK,FRESHW_F,VULNERABLE,6
SVK,FRESHW_F,THREATENED,12
SVK,FRESHW_F,ENDANGERED_IND,6
SVK,FRESHW_F,VULNERABLE_IND,6
SVK,MAMMAL,THREATENED_IND,20
SVK,BIRD,THREATENED_IND,51
SVK,REPTILE,THREATENED_IND,5
SVK,AMPHIBIAN,THREATENED_IND,8
SVK,FRESHW_F,THREATENED_IND,12
SVK,MAMMAL,THREAT_PERCENT,22.222
SVK,BIRD,THREAT_PERCENT,24.171
SVK,REPTILE,THREAT_PERCENT,41.667
SVK,AMPHIBIAN,THREAT_PERCENT,44.444
SVK,VASCULAR_PLANT,THREAT_PERCENT,14.562
SVK,FRESHW_F,THREAT_PERCENT,15.19
SVK,MAMMAL,IND_PERCENT,23.529
SVK,REPTILE,IND_PERCENT,41.667
SVK,AMPHIBIAN,IND_PERCENT,44.444
SVK,FRESHW_F,IND_PERCENT,19.048
ESP,FRESHW_F,TOT_KNOWN,92
ESP,FRESHW_F,ENDANGERED,10
ESP,FRESHW_F,CRITICAL,10
ESP,FRESHW_F,VULNERABLE,24
ESP,FRESHW_F,THREATENED,44
ESP,FRESHW_F,ENDANGERED_IND,10
ESP,FRESHW_F,CRITICAL_IND,10
ESP,FRESHW_F,VULNERABLE_IND,24
ESP,MAMMAL,THREATENED_IND,19
ESP,BIRD,THREATENED_IND,114
ESP,REPTILE,THREATENED_IND,34
ESP,AMPHIBIAN,THREATENED_IND,14
ESP,VASCULAR_PLANT,THREATENED_IND,1263
ESP,FRESHW_F,THREATENED_IND,44
ESP,MAMMAL,THREAT_PERCENT,16.667
ESP,BIRD,THREAT_PERCENT,19.621
ESP,REPTILE,THREAT_PERCENT,36.957
ESP,AMPHIBIAN,THREAT_PERCENT,38.889
ESP,VASCULAR_PLANT,THREAT_PERCENT,17.874
ESP,FRESHW_F,THREAT_PERCENT,47.826
SWE,FISH_TOT,TOT_KNOWN,141
SWE,FISH_TOT,TOT_KNOWN_IND,141
SWE,FISH_TOT,ENDANGERED,6
SWE,FISH_TOT,CRITICAL,6
SWE,FISH_TOT,VULNERABLE,8
SWE,FISH_TOT,THREATENED,20
SWE,FISH_TOT,ENDANGERED_IND,6
SWE,FISH_TOT,CRITICAL_IND,6
SWE,FISH_TOT,VULNERABLE_IND,8
SWE,MAMMAL,THREATENED_IND,14
SWE,BIRD,THREATENED_IND,52
SWE,REPTILE,THREATENED_IND,2
SWE,AMPHIBIAN,THREATENED_IND,5
SWE,FISH_TOT,THREATENED_IND,20
SWE,MAMMAL,THREAT_PERCENT,21.538
SWE,BIRD,THREAT_PERCENT,20.233
SWE,REPTILE,THREAT_PERCENT,33.333
SWE,AMPHIBIAN,THREAT_PERCENT,38.462
SWE,VASCULAR_PLANT,THREAT_PERCENT,17.297
SWE,FISH_TOT,THREAT_PERCENT,14.184
SWE,MAMMAL,IND_PERCENT,21.538
SWE,BIRD,IND_PERCENT,20.233
SWE,REPTILE,IND_PERCENT,33.333
SWE,AMPHIBIAN,IND_PERCENT,38.462
SWE,FISH_TOT,IND_PERCENT,14.184
CHE,FISH_TOT,TOT_KNOWN,70
CHE,FRESHW_F,TOT_KNOWN,70
CHE,FISH_TOT,TOT_KNOWN_IND,55
CHE,FRESHW_F,TOT_KNOWN_IND,55
CHE,FISH_TOT,ENDANGERED_IND,5
CHE,FRESHW_F,ENDANGERED_IND,5
CHE,FISH_TOT,CRITICAL_IND,6
CHE,FRESHW_F,CRITICAL_IND,6
CHE,FISH_TOT,VULNERABLE_IND,13
CHE,FRESHW_F,VULNERABLE_IND,13
CHE,MAMMAL,THREATENED_IND,34
CHE,BIRD,THREATENED_IND,71
CHE,REPTILE,THREATENED_IND,15
CHE,AMPHIBIAN,THREATENED_IND,13
CHE,VASCULAR_PLANT,THREATENED_IND,670
CHE,FISH_TOT,THREATENED_IND,24
CHE,FRESHW_F,THREATENED_IND,24
CHE,MAMMAL,IND_PERCENT,41.975
CHE,BIRD,IND_PERCENT,35.678
CHE,REPTILE,IND_PERCENT,78.947
CHE,AMPHIBIAN,IND_PERCENT,72.222
CHE,VASCULAR_PLANT,IND_PERCENT,25.641
CHE,FISH_TOT,IND_PERCENT,43.636
CHE,FRESHW_F,IND_PERCENT,43.636
TUR,FISH_TOT,TOT_KNOWN,716
TUR,MARINE_F,TOT_KNOWN,480
TUR,FRESHW_F,TOT_KNOWN,236
TUR,MAMMAL,THREAT_PERCENT,14.286
TUR,BIRD,THREAT_PERCENT,3.696
TUR,AMPHIBIAN,THREAT_PERCENT,7.092
TUR,VASCULAR_PLANT,THREAT_PERCENT,10.951
GBR,FISH_TOT,TOT_KNOWN,622
GBR,FRESHW_F,ENDANGERED,3
GBR,FRESHW_F,VULNERABLE,1
GBR,FRESHW_F,THREATENED,4
GBR,FISH_TOT,ENDANGERED_IND,11
GBR,FRESHW_F,ENDANGERED_IND,1
GBR,FISH_TOT,CRITICAL_IND,7
GBR,FISH_TOT,VULNERABLE_IND,24
GBR,MAMMAL,THREATENED_IND,11
GBR,BIRD,THREATENED_IND,134
GBR,VASCULAR_PLANT,THREATENED_IND,826
GBR,FISH_TOT,THREATENED_IND,42
GBR,FRESHW_F,THREATENED_IND,1
GBR,VASCULAR_PLANT,THREAT_PERCENT,18.106
USA,FRESHW_F,TOT_KNOWN,882
USA,FRESHW_F,TOT_KNOWN_IND,808
USA,FRESHW_F,ENDANGERED,72
USA,FRESHW_F,CRITICAL,99
USA,FRESHW_F,VULNERABLE,109
USA,FRESHW_F,THREATENED,280
USA,FRESHW_F,ENDANGERED_IND,71
USA,FRESHW_F,CRITICAL_IND,98
USA,FRESHW_F,VULNERABLE_IND,109
USA,MAMMAL,THREATENED_IND,76
USA,BIRD,THREATENED_IND,97
USA,REPTILE,THREATENED_IND,61
USA,AMPHIBIAN,THREATENED_IND,109
USA,VASCULAR_PLANT,THREATENED_IND,5366
USA,FRESHW_F,THREATENED_IND,278
USA,MAMMAL,THREAT_PERCENT,17.219
USA,BIRD,THREAT_PERCENT,12.154
USA,REPTILE,THREAT_PERCENT,17.971
USA,AMPHIBIAN,THREAT_PERCENT,40.37
USA,VASCULAR_PLANT,THREAT_PERCENT,27.467
USA,FRESHW_F,THREAT_PERCENT,31.746
USA,MAMMAL,IND_PERCENT,17.757
USA,BIRD,IND_PERCENT,12.663
USA,REPTILE,IND_PERCENT,20.266
USA,AMPHIBIAN,IND_PERCENT,41.923
USA,VASCULAR_PLANT,IND_PERCENT,32.963
USA,FRESHW_F,IND_PERCENT,34.406
CHL,FISH_TOT,TOT_KNOWN_IND,1226
CHL,MARINE_F,TOT_KNOWN_IND,1182
CHL,FRESHW_F,TOT_KNOWN_IND,44
CHL,FISH_TOT,ENDANGERED,23
CHL,FRESHW_F,ENDANGERED,23
CHL,FISH_TOT,VULNERABLE,14
CHL,MARINE_F,VULNERABLE,1
CHL,FRESHW_F,VULNERABLE,13
CHL,FISH_TOT,THREATENED,38
CHL,MARINE_F,THREATENED,1
CHL,FRESHW_F,THREATENED,37
CHL,FISH_TOT,ENDANGERED_IND,23
CHL,FRESHW_F,ENDANGERED_IND,23
CHL,FISH_TOT,VULNERABLE_IND,14
CHL,MARINE_F,VULNERABLE_IND,1
CHL,FRESHW_F,VULNERABLE_IND,13
CHL,MAMMAL,THREATENED_IND,36
CHL,BIRD,THREATENED_IND,45
CHL,REPTILE,THREATENED_IND,52
CHL,AMPHIBIAN,THREATENED_IND,44
CHL,VASCULAR_PLANT,THREATENED_IND,418
CHL,FISH_TOT,THREATENED_IND,38
CHL,MARINE_F,THREATENED_IND,1
CHL,FRESHW_F,THREATENED_IND,37
CHL,MAMMAL,THREAT_PERCENT,20.571
CHL,BIRD,THREAT_PERCENT,9.036
CHL,REPTILE,THREAT_PERCENT,39.695
CHL,AMPHIBIAN,THREAT_PERCENT,67.692
CHL,MAMMAL,IND_PERCENT,22.222
CHL,BIRD,IND_PERCENT,9.146
CHL,REPTILE,IND_PERCENT,42.623
CHL,AMPHIBIAN,IND_PERCENT,68.75
CHL,FISH_TOT,IND_PERCENT,3.1
CHL,MARINE_F,IND_PERCENT,0.085
CHL,FRESHW_F,IND_PERCENT,84.091
EST,FISH_TOT,TOT_KNOWN,85
EST,MARINE_F,TOT_KNOWN,64
EST,FRESHW_F,TOT_KNOWN,41
EST,FISH_TOT,TOT_KNOWN_IND,65
EST,MARINE_F,TOT_KNOWN_IND,54
EST,FRESHW_F,TOT_KNOWN_IND,38
EST,FISH_TOT,ENDANGERED,1
EST,FISH_TOT,CRITICAL,4
EST,MARINE_F,CRITICAL,2
EST,FRESHW_F,CRITICAL,4
EST,FISH_TOT,VULNERABLE,1
EST,FRESHW_F,VULNERABLE,1
EST,FISH_TOT,THREATENED,6
EST,MARINE_F,THREATENED,2
EST,FRESHW_F,THREATENED,5
EST,FISH_TOT,ENDANGERED_IND,1
EST,FISH_TOT,CRITICAL_IND,4
EST,MARINE_F,CRITICAL_IND,2
EST,FRESHW_F,CRITICAL_IND,4
EST,FISH_TOT,VULNERABLE_IND,1
EST,FRESHW_F,VULNERABLE_IND,1
EST,MAMMAL,THREATENED_IND,2
EST,BIRD,THREATENED_IND,38
EST,REPTILE,THREATENED_IND,1
EST,AMPHIBIAN,THREATENED_IND,4
EST,VASCULAR_PLANT,THREATENED_IND,178
EST,FISH_TOT,THREATENED_IND,6
EST,MARINE_F,THREATENED_IND,2
EST,FRESHW_F,THREATENED_IND,5
EST,MAMMAL,THREAT_PERCENT,3.077
EST,BIRD,THREAT_PERCENT,10.08
EST,REPTILE,THREAT_PERCENT,50
EST,AMPHIBIAN,THREAT_PERCENT,44.444
EST,VASCULAR_PLANT,THREAT_PERCENT,9.388
EST,FISH_TOT,THREAT_PERCENT,7.059
EST,MARINE_F,THREAT_PERCENT,3.125
EST,FRESHW_F,THREAT_PERCENT,12.195
EST,MAMMAL,IND_PERCENT,3.279
EST,BIRD,IND_PERCENT,10.27
EST,REPTILE,IND_PERCENT,50
EST,AMPHIBIAN,IND_PERCENT,50
EST,VASCULAR_PLANT,IND_PERCENT,13.333
EST,FISH_TOT,IND_PERCENT,9.231
EST,MARINE_F,IND_PERCENT,3.704
EST,FRESHW_F,IND_PERCENT,13.158
ISR,MAMMAL,THREATENED_IND,61
ISR,REPTILE,THREATENED_IND,35
ISR,MAMMAL,IND_PERCENT,58.095
ISR,REPTILE,IND_PERCENT,33.333
RUS,FRESHW_F,TOT_KNOWN,277
RUS,FRESHW_F,THREATENED,34
RUS,MAMMAL,THREAT_PERCENT,12.5
RUS,BIRD,THREAT_PERCENT,7.65
RUS,REPTILE,THREAT_PERCENT,12
RUS,AMPHIBIAN,THREAT_PERCENT,18.519
RUS,VASCULAR_PLANT,THREAT_PERCENT,1.763
RUS,FRESHW_F,THREAT_PERCENT,12.274
SVN,FISH_TOT,TOT_KNOWN,273
SVN,MARINE_F,TOT_KNOWN,188
SVN,FRESHW_F,TOT_KNOWN,85
SVN,FISH_TOT,ENDANGERED,40
SVN,MARINE_F,ENDANGERED,9
SVN,FRESHW_F,ENDANGERED,31
SVN,FISH_TOT,VULNERABLE,10
SVN,MARINE_F,VULNERABLE,1
SVN,FRESHW_F,VULNERABLE,9
SVN,FISH_TOT,THREATENED,50
SVN,MARINE_F,THREATENED,10
SVN,FRESHW_F,THREATENED,40
SVN,FISH_TOT,ENDANGERED_IND,40
SVN,MARINE_F,ENDANGERED_IND,9
SVN,FRESHW_F,ENDANGERED_IND,31
SVN,FISH_TOT,VULNERABLE_IND,10
SVN,MARINE_F,VULNERABLE_IND,1
SVN,FRESHW_F,VULNERABLE_IND,9
SVN,MAMMAL,THREATENED_IND,34
SVN,BIRD,THREATENED_IND,105
SVN,REPTILE,THREATENED_IND,18
SVN,AMPHIBIAN,THREATENED_IND,17
SVN,VASCULAR_PLANT,THREATENED_IND,334
SVN,FISH_TOT,THREATENED_IND,50
SVN,MARINE_F,THREATENED_IND,10
SVN,FRESHW_F,THREATENED_IND,40
SVN,MAMMAL,THREAT_PERCENT,38.202
SVN,BIRD,THREAT_PERCENT,27.632
SVN,REPTILE,THREAT_PERCENT,75
SVN,AMPHIBIAN,THREAT_PERCENT,80.952
SVN,VASCULAR_PLANT,THREAT_PERCENT,9.676
SVN,FISH_TOT,THREAT_PERCENT,18.315
SVN,MARINE_F,THREAT_PERCENT,5.319
SVN,FRESHW_F,THREAT_PERCENT,47.059
SVN,BIRD,IND_PERCENT,28.767
SVN,REPTILE,IND_PERCENT,75
SVN,AMPHIBIAN,IND_PERCENT,80.952
SVN,VASCULAR_PLANT,IND_PERCENT,10.709
CHL,VASCULAR_PLANT,TOT_KNOWN_IND,5670
CHL,MAMMAL,CRITICAL,3
CHL,AMPHIBIAN,CRITICAL,10
CHL,VASCULAR_PLANT,CRITICAL,71
CHL,FISH_TOT,CRITICAL,1
CHL,FRESHW_F,CRITICAL,1
CHL,MAMMAL,CRITICAL_IND,3
CHL,AMPHIBIAN,CRITICAL_IND,10
CHL,VASCULAR_PLANT,CRITICAL_IND,71
CHL,FISH_TOT,CRITICAL_IND,1
CHL,FRESHW_F,CRITICAL_IND,1
CHL,VASCULAR_PLANT,IND_PERCENT,7.372
FRA,FISH_TOT,TOT_KNOWN,69
ITA,FISH_TOT,ENDANGERED,12
ITA,MARINE_F,ENDANGERED,6
ITA,FISH_TOT,CRITICAL,21
ITA,MARINE_F,CRITICAL,10
ITA,FISH_TOT,VULNERABLE,14
ITA,MARINE_F,VULNERABLE,6
ITA,FISH_TOT,THREATENED,47
ITA,MARINE_F,THREATENED,22
ITA,FISH_TOT,THREAT_PERCENT,7.332
ITA,MARINE_F,THREAT_PERCENT,4.044
NZL,FISH_TOT,TOT_KNOWN,289
NZL,MARINE_F,TOT_KNOWN,214
NZL,FISH_TOT,TOT_KNOWN_IND,258
NZL,MARINE_F,TOT_KNOWN_IND,204
NZL,FISH_TOT,ENDANGERED_IND,6
NZL,FISH_TOT,CRITICAL_IND,4
NZL,FISH_TOT,VULNERABLE_IND,12
NZL,FISH_TOT,THREATENED_IND,22
NZL,FISH_TOT,IND_PERCENT,8.527
SWE,VASCULAR_PLANT,ENDANGERED_IND,114
SWE,VASCULAR_PLANT,CRITICAL_IND,43
SWE,VASCULAR_PLANT,VULNERABLE_IND,113
SWE,VASCULAR_PLANT,THREATENED_IND,270
SWE,VASCULAR_PLANT,IND_PERCENT,17.297
CAN,MOSS,TOT_KNOWN,1373
CAN,MOSS,TOT_KNOWN_IND,1364
CAN,MOSS,ENDANGERED,85
CAN,LICHEN,ENDANGERED,51
CAN,MOSS,VULNERABLE,134
CAN,LICHEN,VULNERABLE,63
CAN,MOSS,THREATENED,294
CAN,LICHEN,THREATENED,184
CAN,MOSS,ENDANGERED_IND,85
CAN,LICHEN,ENDANGERED_IND,51
CAN,MOSS,VULNERABLE_IND,134
CAN,LICHEN,VULNERABLE_IND,63
CAN,MOSS,THREATENED_IND,294
CAN,LICHEN,THREATENED_IND,184
CAN,MOSS,THREAT_PERCENT,21.413
CAN,MOSS,IND_PERCENT,21.554
FIN,MOSS,TOT_KNOWN,892
FIN,LICHEN,TOT_KNOWN,1594
FIN,INVERTEB,TOT_KNOWN,23950
FIN,MOSS,TOT_KNOWN_IND,892
FIN,LICHEN,TOT_KNOWN_IND,1594
FIN,INVERTEB,TOT_KNOWN_IND,23950
FIN,REPTILE,ENDANGERED,0
FIN,AMPHIBIAN,ENDANGERED,1
FIN,MOSS,ENDANGERED,70
FIN,LICHEN,ENDANGERED,81
FIN,INVERTEB,ENDANGERED,393
FIN,REPTILE,CRITICAL,0
FIN,AMPHIBIAN,CRITICAL,0
FIN,MOSS,CRITICAL,37
FIN,LICHEN,CRITICAL,63
FIN,INVERTEB,CRITICAL,123
FIN,MOSS,VULNERABLE,76
FIN,LICHEN,VULNERABLE,124
FIN,INVERTEB,VULNERABLE,739
FIN,MOSS,THREATENED,183
FIN,LICHEN,THREATENED,268
FIN,INVERTEB,THREATENED,1255
FIN,AMPHIBIAN,ENDANGERED_IND,1
FIN,MOSS,ENDANGERED_IND,70
FIN,LICHEN,ENDANGERED_IND,81
FIN,INVERTEB,ENDANGERED_IND,393
FIN,MOSS,CRITICAL_IND,37
FIN,LICHEN,CRITICAL_IND,63
FIN,INVERTEB,CRITICAL_IND,123
FIN,MOSS,VULNERABLE_IND,76
FIN,LICHEN,VULNERABLE_IND,124
FIN,INVERTEB,VULNERABLE_IND,739
FIN,MOSS,THREATENED_IND,183
FIN,LICHEN,THREATENED_IND,268
FIN,INVERTEB,THREATENED_IND,1255
FIN,MOSS,THREAT_PERCENT,20.516
FIN,LICHEN,THREAT_PERCENT,16.813
FIN,INVERTEB,THREAT_PERCENT,5.24
FIN,MOSS,IND_PERCENT,20.516
FIN,LICHEN,IND_PERCENT,16.813
FIN,INVERTEB,IND_PERCENT,5.24
DEU,FISH_TOT,TOT_KNOWN,186
DEU,MARINE_F,TOT_KNOWN,93
DEU,MOSS,TOT_KNOWN,1121
DEU,LICHEN,TOT_KNOWN,1794
DEU,INVERTEB,TOT_KNOWN,10256
DEU,FISH_TOT,TOT_KNOWN_IND,172
DEU,MARINE_F,TOT_KNOWN_IND,93
DEU,MOSS,TOT_KNOWN_IND,1121
DEU,LICHEN,TOT_KNOWN_IND,1794
DEU,INVERTEB,TOT_KNOWN_IND,10165
DEU,FISH_TOT,ENDANGERED,14
DEU,MARINE_F,ENDANGERED,5
DEU,MOSS,ENDANGERED,104
DEU,LICHEN,ENDANGERED,165
DEU,INVERTEB,ENDANGERED,1011
DEU,AMPHIBIAN,CRITICAL,0
DEU,FISH_TOT,CRITICAL,12
DEU,MARINE_F,CRITICAL,4
DEU,MOSS,CRITICAL,28
DEU,LICHEN,CRITICAL,306
DEU,INVERTEB,CRITICAL,559
DEU,FISH_TOT,VULNERABLE,23
DEU,MARINE_F,VULNERABLE,12
DEU,MOSS,VULNERABLE,327
DEU,LICHEN,VULNERABLE,456
DEU,INVERTEB,VULNERABLE,2183
DEU,FISH_TOT,THREATENED,49
DEU,MARINE_F,THREATENED,21
DEU,MOSS,THREATENED,459
DEU,LICHEN,THREATENED,927
DEU,INVERTEB,THREATENED,3753
DEU,FISH_TOT,ENDANGERED_IND,14
DEU,MARINE_F,ENDANGERED_IND,5
DEU,MOSS,ENDANGERED_IND,104
DEU,LICHEN,ENDANGERED_IND,165
DEU,INVERTEB,ENDANGERED_IND,1011
DEU,AMPHIBIAN,CRITICAL_IND,0
DEU,FISH_TOT,CRITICAL_IND,12
DEU,MARINE_F,CRITICAL_IND,4
DEU,MOSS,CRITICAL_IND,28
DEU,LICHEN,CRITICAL_IND,306
DEU,INVERTEB,CRITICAL_IND,559
DEU,FISH_TOT,VULNERABLE_IND,23
DEU,MARINE_F,VULNERABLE_IND,12
DEU,MOSS,VULNERABLE_IND,327
DEU,LICHEN,VULNERABLE_IND,456
DEU,INVERTEB,VULNERABLE_IND,2183
DEU,FISH_TOT,THREATENED_IND,49
DEU,MARINE_F,THREATENED_IND,21
DEU,MOSS,THREATENED_IND,459
DEU,LICHEN,THREATENED_IND,927
DEU,INVERTEB,THREATENED_IND,3753
DEU,FISH_TOT,THREAT_PERCENT,26.344
DEU,MARINE_F,THREAT_PERCENT,22.581
DEU,MOSS,THREAT_PERCENT,40.946
DEU,LICHEN,THREAT_PERCENT,51.672
DEU,INVERTEB,THREAT_PERCENT,36.593
DEU,FISH_TOT,IND_PERCENT,28.488
DEU,MARINE_F,IND_PERCENT,22.581
DEU,MOSS,IND_PERCENT,40.946
DEU,LICHEN,IND_PERCENT,51.672
DEU,INVERTEB,IND_PERCENT,36.921
ITA,INVERTEB,TOT_KNOWN,58632
ITA,INVERTEB,ENDANGERED,136
ITA,INVERTEB,CRITICAL,88
ITA,INVERTEB,VULNERABLE,232
ITA,INVERTEB,THREATENED,456
ITA,INVERTEB,THREAT_PERCENT,0.778
KOR,MARINE_F,TOT_KNOWN,1078
KOR,FRESHW_F,TOT_KNOWN,202
KOR,INVERTEB,TOT_KNOWN,26541
KOR,INVERTEB,ENDANGERED,43
KOR,INVERTEB,CRITICAL,24
KOR,INVERTEB,VULNERABLE,137
KOR,INVERTEB,THREATENED,204
KOR,FRESHW_F,THREAT_PERCENT,12.871
KOR,INVERTEB,THREAT_PERCENT,0.769
LUX,INVERTEB,TOT_KNOWN,149
LUX,INVERTEB,ENDANGERED,7
LUX,INVERTEB,VULNERABLE,9
LUX,INVERTEB,THREATENED,23
LUX,INVERTEB,THREAT_PERCENT,15.436
MEX,MARINE_F,TOT_KNOWN,2224
MEX,FRESHW_F,TOT_KNOWN,505
MEX,FRESHW_F,TOT_KNOWN_IND,289
MEX,MARINE_F,ENDANGERED,1
MEX,FRESHW_F,ENDANGERED,75
MEX,INVERTEB,ENDANGERED,20
MEX,FRESHW_F,CRITICAL,12
MEX,MARINE_F,VULNERABLE,3
MEX,FRESHW_F,VULNERABLE,68
MEX,MOSS,VULNERABLE,2
MEX,INVERTEB,VULNERABLE,12
MEX,FRESHW_F,THREATENED,155
MEX,INVERTEB,THREATENED,32
MEX,MARINE_F,ENDANGERED_IND,1
MEX,FRESHW_F,ENDANGERED_IND,69
MEX,INVERTEB,ENDANGERED_IND,12
MEX,FRESHW_F,CRITICAL_IND,8
MEX,FRESHW_F,VULNERABLE_IND,58
MEX,INVERTEB,VULNERABLE_IND,1
MEX,FRESHW_F,THREATENED_IND,135
MEX,INVERTEB,THREATENED_IND,13
MEX,FRESHW_F,THREAT_PERCENT,30.693
MEX,FRESHW_F,IND_PERCENT,46.713
NLD,MOSS,TOT_KNOWN,517
NLD,LICHEN,TOT_KNOWN,683
NLD,INVERTEB,TOT_KNOWN,176
NLD,MOSS,ENDANGERED,27
NLD,LICHEN,ENDANGERED,42
NLD,INVERTEB,ENDANGERED,18
NLD,MOSS,CRITICAL,52
NLD,LICHEN,CRITICAL,49
NLD,INVERTEB,CRITICAL,25
NLD,MOSS,VULNERABLE,43
NLD,LICHEN,VULNERABLE,65
NLD,INVERTEB,VULNERABLE,11
NLD,MOSS,THREATENED,122
NLD,LICHEN,THREATENED,156
NLD,INVERTEB,THREATENED,54
NLD,AMPHIBIAN,THREATENED_IND,7
NLD,MOSS,THREAT_PERCENT,23.598
NLD,LICHEN,THREAT_PERCENT,22.84
NLD,INVERTEB,THREAT_PERCENT,30.682
NLD,AMPHIBIAN,IND_PERCENT,43.75
NZL,INVERTEB,TOT_KNOWN,33000
NZL,MOSS,TOT_KNOWN_IND,525
NZL,LICHEN,TOT_KNOWN_IND,2026
NZL,INVERTEB,TOT_KNOWN_IND,30700
NZL,MOSS,ENDANGERED,4
NZL,LICHEN,ENDANGERED,2
NZL,INVERTEB,ENDANGERED,62
NZL,MOSS,CRITICAL,14
NZL,LICHEN,CRITICAL,6
NZL,INVERTEB,CRITICAL,133
NZL,MOSS,VULNERABLE,2
NZL,LICHEN,VULNERABLE,8
NZL,INVERTEB,VULNERABLE,71
NZL,MOSS,THREATENED,20
NZL,LICHEN,THREATENED,16
NZL,INVERTEB,THREATENED,266
NZL,MOSS,ENDANGERED_IND,4
NZL,LICHEN,ENDANGERED_IND,2
NZL,INVERTEB,ENDANGERED_IND,62
NZL,MOSS,CRITICAL_IND,14
NZL,LICHEN,CRITICAL_IND,6
NZL,INVERTEB,CRITICAL_IND,133
NZL,MOSS,VULNERABLE_IND,2
NZL,LICHEN,VULNERABLE_IND,8
NZL,INVERTEB,VULNERABLE_IND,71
NZL,MOSS,THREATENED_IND,20
NZL,LICHEN,THREATENED_IND,16
NZL,INVERTEB,THREATENED_IND,266
NZL,INVERTEB,THREAT_PERCENT,0.806
NZL,MOSS,IND_PERCENT,3.81
NZL,LICHEN,IND_PERCENT,0.79
NZL,INVERTEB,IND_PERCENT,0.866
NOR,MOSS,TOT_KNOWN,1085
NOR,LICHEN,TOT_KNOWN,2032
NOR,INVERTEB,TOT_KNOWN,26917
NOR,MOSS,TOT_KNOWN_IND,1083
NOR,LICHEN,TOT_KNOWN_IND,2031
NOR,INVERTEB,TOT_KNOWN_IND,26276
NOR,MOSS,ENDANGERED,61
NOR,LICHEN,ENDANGERED,73
NOR,INVERTEB,ENDANGERED,452
NOR,MOSS,CRITICAL,22
NOR,LICHEN,CRITICAL,45
NOR,INVERTEB,CRITICAL,92
NOR,MOSS,VULNERABLE,59
NOR,LICHEN,VULNERABLE,99
NOR,INVERTEB,VULNERABLE,671
NOR,MOSS,THREATENED,142
NOR,LICHEN,THREATENED,217
NOR,INVERTEB,THREATENED,1215
NOR,MOSS,ENDANGERED_IND,61
NOR,LICHEN,ENDANGERED_IND,73
NOR,INVERTEB,ENDANGERED_IND,452
NOR,MOSS,CRITICAL_IND,22
NOR,LICHEN,CRITICAL_IND,45
NOR,INVERTEB,CRITICAL_IND,92
NOR,MOSS,VULNERABLE_IND,59
NOR,LICHEN,VULNERABLE_IND,99
NOR,INVERTEB,VULNERABLE_IND,671
NOR,MOSS,THREATENED_IND,142
NOR,LICHEN,THREATENED_IND,217
NOR,INVERTEB,THREATENED_IND,1215
NOR,MOSS,THREAT_PERCENT,13.088
NOR,LICHEN,THREAT_PERCENT,10.679
NOR,INVERTEB,THREAT_PERCENT,4.514
NOR,MOSS,IND_PERCENT,13.112
NOR,LICHEN,IND_PERCENT,10.684
NOR,INVERTEB,IND_PERCENT,4.624
POL,MOSS,TOT_KNOWN,699
POL,LICHEN,TOT_KNOWN,1683
POL,INVERTEB,TOT_KNOWN,34662
POL,MOSS,TOT_KNOWN_IND,696
POL,LICHEN,TOT_KNOWN_IND,1683
POL,INVERTEB,TOT_KNOWN_IND,34428
POL,MOSS,ENDANGERED,52
POL,LICHEN,ENDANGERED,201
POL,INVERTEB,ENDANGERED,358
POL,LICHEN,CRITICAL,179
POL,INVERTEB,CRITICAL,152
POL,MOSS,VULNERABLE,31
POL,LICHEN,VULNERABLE,165
POL,INVERTEB,VULNERABLE,570
POL,MOSS,THREATENED,83
POL,LICHEN,THREATENED,545
POL,INVERTEB,THREATENED,1080
POL,MOSS,ENDANGERED_IND,52
POL,LICHEN,ENDANGERED_IND,201
POL,INVERTEB,ENDANGERED_IND,358
POL,LICHEN,CRITICAL_IND,179
POL,INVERTEB,CRITICAL_IND,152
POL,MOSS,VULNERABLE_IND,31
POL,LICHEN,VULNERABLE_IND,165
POL,INVERTEB,VULNERABLE_IND,570
POL,MOSS,THREATENED_IND,83
POL,LICHEN,THREATENED_IND,545
POL,INVERTEB,THREATENED_IND,1080
POL,MOSS,THREAT_PERCENT,11.874
POL,LICHEN,THREAT_PERCENT,32.383
POL,INVERTEB,THREAT_PERCENT,3.116
POL,MOSS,IND_PERCENT,11.925
POL,LICHEN,IND_PERCENT,32.383
POL,INVERTEB,IND_PERCENT,3.137
SVK,MOSS,TOT_KNOWN,909
SVK,LICHEN,TOT_KNOWN,1508
SVK,INVERTEB,TOT_KNOWN,24818
SVK,MOSS,ENDANGERED,104
SVK,LICHEN,ENDANGERED,48
SVK,INVERTEB,ENDANGERED,401
SVK,MOSS,CRITICAL,95
SVK,LICHEN,CRITICAL,140
SVK,INVERTEB,CRITICAL,199
SVK,MOSS,VULNERABLE,112
SVK,LICHEN,VULNERABLE,169
SVK,INVERTEB,VULNERABLE,1036
SVK,MOSS,THREATENED,311
SVK,LICHEN,THREATENED,357
SVK,INVERTEB,THREATENED,1636
SVK,MOSS,THREAT_PERCENT,34.213
SVK,LICHEN,THREAT_PERCENT,23.674
SVK,INVERTEB,THREAT_PERCENT,6.592
CHE,MOSS,TOT_KNOWN,996
CHE,LICHEN,TOT_KNOWN,713
CHE,INVERTEB,TOT_KNOWN,3154
CHE,MOSS,TOT_KNOWN_IND,995
CHE,LICHEN,TOT_KNOWN_IND,713
CHE,INVERTEB,TOT_KNOWN_IND,3039
CHE,FISH_TOT,ENDANGERED,5
CHE,FRESHW_F,ENDANGERED,5
CHE,MOSS,ENDANGERED,58
CHE,LICHEN,ENDANGERED,96
CHE,INVERTEB,ENDANGERED,358
CHE,FISH_TOT,CRITICAL,6
CHE,FRESHW_F,CRITICAL,6
CHE,MOSS,CRITICAL,61
CHE,LICHEN,CRITICAL,45
CHE,INVERTEB,CRITICAL,229
CHE,FISH_TOT,VULNERABLE,13
CHE,FRESHW_F,VULNERABLE,13
CHE,MOSS,VULNERABLE,282
CHE,LICHEN,VULNERABLE,116
CHE,INVERTEB,VULNERABLE,487
CHE,FISH_TOT,THREATENED,24
CHE,FRESHW_F,THREATENED,24
CHE,MOSS,THREATENED,401
CHE,LICHEN,THREATENED,257
CHE,INVERTEB,THREATENED,1074
CHE,MOSS,ENDANGERED_IND,58
CHE,LICHEN,ENDANGERED_IND,96
CHE,INVERTEB,ENDANGERED_IND,358
CHE,MOSS,CRITICAL_IND,61
CHE,LICHEN,CRITICAL_IND,45
CHE,INVERTEB,CRITICAL_IND,229
CHE,MOSS,VULNERABLE_IND,282
CHE,LICHEN,VULNERABLE_IND,116
CHE,INVERTEB,VULNERABLE_IND,487
CHE,MOSS,THREATENED_IND,401
CHE,LICHEN,THREATENED_IND,257
CHE,INVERTEB,THREATENED_IND,1074
CHE,MAMMAL,THREAT_PERCENT,36.559
CHE,BIRD,THREAT_PERCENT,34.634
CHE,REPTILE,THREAT_PERCENT,78.947
CHE,AMPHIBIAN,THREAT_PERCENT,68.421
CHE,VASCULAR_PLANT,THREAT_PERCENT,25.641
CHE,FISH_TOT,THREAT_PERCENT,34.286
CHE,FRESHW_F,THREAT_PERCENT,34.286
CHE,MOSS,THREAT_PERCENT,40.261
CHE,LICHEN,THREAT_PERCENT,36.045
CHE,INVERTEB,THREAT_PERCENT,34.052
CHE,MOSS,IND_PERCENT,40.302
CHE,LICHEN,IND_PERCENT,36.045
CHE,INVERTEB,IND_PERCENT,35.341
GBR,LICHEN,TOT_KNOWN,2875
GBR,INVERTEB,TOT_KNOWN,36242
GBR,MOSS,ENDANGERED,37
GBR,LICHEN,ENDANGERED,34
GBR,INVERTEB,ENDANGERED,380
GBR,MOSS,CRITICAL,23
GBR,LICHEN,CRITICAL,45
GBR,INVERTEB,CRITICAL,90
GBR,MOSS,VULNERABLE,63
GBR,LICHEN,VULNERABLE,111
GBR,INVERTEB,VULNERABLE,428
GBR,LICHEN,THREATENED,190
GBR,INVERTEB,THREATENED,898
GBR,MOSS,ENDANGERED_IND,37
GBR,LICHEN,ENDANGERED_IND,34
GBR,INVERTEB,ENDANGERED_IND,380
GBR,MOSS,CRITICAL_IND,23
GBR,LICHEN,CRITICAL_IND,45
GBR,INVERTEB,CRITICAL_IND,90
GBR,MOSS,VULNERABLE_IND,63
GBR,LICHEN,VULNERABLE_IND,111
GBR,INVERTEB,VULNERABLE_IND,428
GBR,MOSS,THREATENED_IND,123
GBR,LICHEN,THREATENED_IND,190
GBR,INVERTEB,THREATENED_IND,898
GBR,MAMMAL,THREAT_PERCENT,11.111
GBR,BIRD,THREAT_PERCENT,22.712
GBR,LICHEN,THREAT_PERCENT,6.609
GBR,INVERTEB,THREAT_PERCENT,2.478
CHL,MOSS,TOT_KNOWN,1327
CHL,LICHEN,TOT_KNOWN,1383
CHL,INVERTEB,TOT_KNOWN,15466
CHL,MOSS,TOT_KNOWN_IND,1327
CHL,LICHEN,TOT_KNOWN_IND,1383
CHL,INVERTEB,TOT_KNOWN_IND,15466
CHL,INVERTEB,ENDANGERED,61
CHL,BIRD,CRITICAL,2
CHL,REPTILE,CRITICAL,10
CHL,INVERTEB,CRITICAL,32
CHL,INVERTEB,VULNERABLE,22
CHL,INVERTEB,THREATENED,114
CHL,INVERTEB,ENDANGERED_IND,61
CHL,BIRD,CRITICAL_IND,2
CHL,REPTILE,CRITICAL_IND,10
CHL,INVERTEB,CRITICAL_IND,32
CHL,INVERTEB,VULNERABLE_IND,22
CHL,INVERTEB,THREATENED_IND,114
CHL,INVERTEB,THREAT_PERCENT,0.737
CHL,INVERTEB,IND_PERCENT,0.737
COL,MAMMAL,TOT_KNOWN,492
COL,BIRD,TOT_KNOWN,1921
COL,REPTILE,TOT_KNOWN,537
COL,AMPHIBIAN,TOT_KNOWN,803
COL,VASCULAR_PLANT,TOT_KNOWN,27881
COL,FISH_TOT,TOT_KNOWN,3435
COL,MARINE_F,TOT_KNOWN,2000
COL,FRESHW_F,TOT_KNOWN,1435
COL,MOSS,TOT_KNOWN,1649
COL,LICHEN,TOT_KNOWN,1674
COL,INVERTEB,TOT_KNOWN,15269
COL,MAMMAL,TOT_KNOWN_IND,34
COL,BIRD,TOT_KNOWN_IND,79
COL,REPTILE,TOT_KNOWN_IND,115
COL,AMPHIBIAN,TOT_KNOWN_IND,367
COL,VASCULAR_PLANT,TOT_KNOWN_IND,6383
COL,FRESHW_F,TOT_KNOWN_IND,311
COL,MAMMAL,ENDANGERED,10
COL,BIRD,ENDANGERED,56
COL,REPTILE,ENDANGERED,16
COL,AMPHIBIAN,ENDANGERED,26
COL,VASCULAR_PLANT,ENDANGERED,185
COL,FISH_TOT,ENDANGERED,10
COL,MARINE_F,ENDANGERED,7
COL,FRESHW_F,ENDANGERED,10
COL,MOSS,ENDANGERED,5
COL,INVERTEB,ENDANGERED,44
COL,MAMMAL,CRITICAL,7
COL,BIRD,CRITICAL,17
COL,REPTILE,CRITICAL,11
COL,AMPHIBIAN,CRITICAL,14
COL,VASCULAR_PLANT,CRITICAL,112
COL,FISH_TOT,CRITICAL,4
COL,MARINE_F,CRITICAL,6
COL,FRESHW_F,CRITICAL,7
COL,MOSS,CRITICAL,8
COL,INVERTEB,CRITICAL,6
COL,MAMMAL,VULNERABLE,25
COL,BIRD,VULNERABLE,67
COL,REPTILE,VULNERABLE,17
COL,AMPHIBIAN,VULNERABLE,15
COL,VASCULAR_PLANT,VULNERABLE,425
COL,FISH_TOT,VULNERABLE,67
COL,MARINE_F,VULNERABLE,43
COL,FRESHW_F,VULNERABLE,92
COL,MOSS,VULNERABLE,84
COL,INVERTEB,VULNERABLE,47
COL,MAMMAL,THREATENED,42
COL,BIRD,THREATENED,140
COL,REPTILE,THREATENED,44
COL,AMPHIBIAN,THREATENED,55
COL,VASCULAR_PLANT,THREATENED,722
COL,FISH_TOT,THREATENED,81
COL,MARINE_F,THREATENED,56
COL,FRESHW_F,THREATENED,109
COL,MOSS,THREATENED,97
COL,INVERTEB,THREATENED,97
COL,MAMMAL,THREAT_PERCENT,8.537
COL,BIRD,THREAT_PERCENT,7.288
COL,REPTILE,THREAT_PERCENT,8.194
COL,AMPHIBIAN,THREAT_PERCENT,6.849
COL,VASCULAR_PLANT,THREAT_PERCENT,2.59
COL,FISH_TOT,THREAT_PERCENT,2.358
COL,MARINE_F,THREAT_PERCENT,2.8
COL,FRESHW_F,THREAT_PERCENT,7.596
COL,MOSS,THREAT_PERCENT,5.882
COL,INVERTEB,THREAT_PERCENT,0.635
EST,MOSS,TOT_KNOWN,389
EST,LICHEN,TOT_KNOWN,469
EST,INVERTEB,TOT_KNOWN,627
EST,MOSS,TOT_KNOWN_IND,388
EST,LICHEN,TOT_KNOWN_IND,458
EST,INVERTEB,TOT_KNOWN_IND,610
EST,MOSS,ENDANGERED,21
EST,LICHEN,ENDANGERED,32
EST,INVERTEB,ENDANGERED,2
EST,MOSS,CRITICAL,11
EST,LICHEN,CRITICAL,13
EST,INVERTEB,CRITICAL,7
EST,MOSS,VULNERABLE,99
EST,LICHEN,VULNERABLE,68
EST,INVERTEB,VULNERABLE,10
EST,MOSS,THREATENED,131
EST,LICHEN,THREATENED,113
EST,INVERTEB,THREATENED,19
EST,MOSS,ENDANGERED_IND,21
EST,LICHEN,ENDANGERED_IND,32
EST,INVERTEB,ENDANGERED_IND,2
EST,MOSS,CRITICAL_IND,11
EST,LICHEN,CRITICAL_IND,13
EST,INVERTEB,CRITICAL_IND,7
EST,MOSS,VULNERABLE_IND,99
EST,LICHEN,VULNERABLE_IND,67
EST,INVERTEB,VULNERABLE_IND,10
EST,MOSS,THREATENED_IND,131
EST,LICHEN,THREATENED_IND,112
EST,INVERTEB,THREATENED_IND,19
EST,MOSS,THREAT_PERCENT,33.676
EST,LICHEN,THREAT_PERCENT,24.094
EST,INVERTEB,THREAT_PERCENT,3.03
EST,MOSS,IND_PERCENT,33.763
EST,LICHEN,IND_PERCENT,24.454
EST,INVERTEB,IND_PERCENT,3.115
ISR,BIRD,TOT_KNOWN_IND,213
ISR,AMPHIBIAN,TOT_KNOWN_IND,7
ISR,FISH_TOT,TOT_KNOWN_IND,32
ISR,FRESHW_F,TOT_KNOWN_IND,32
ISR,BIRD,ENDANGERED_IND,13
ISR,AMPHIBIAN,ENDANGERED_IND,3
ISR,FISH_TOT,ENDANGERED_IND,0
ISR,FRESHW_F,ENDANGERED_IND,0
ISR,BIRD,CRITICAL_IND,21
ISR,AMPHIBIAN,CRITICAL_IND,2
ISR,FISH_TOT,CRITICAL_IND,6
ISR,FRESHW_F,CRITICAL_IND,6
ISR,BIRD,VULNERABLE_IND,31
ISR,AMPHIBIAN,VULNERABLE_IND,1
ISR,FISH_TOT,VULNERABLE_IND,0
ISR,FRESHW_F,VULNERABLE_IND,0
ISR,BIRD,THREATENED_IND,65
ISR,AMPHIBIAN,THREATENED_IND,6
ISR,VASCULAR_PLANT,THREATENED_IND,377
ISR,FISH_TOT,THREATENED_IND,6
ISR,FRESHW_F,THREATENED_IND,6
ISR,BIRD,IND_PERCENT,30.516
ISR,AMPHIBIAN,IND_PERCENT,85.714
ISR,VASCULAR_PLANT,IND_PERCENT,16.477
ISR,FISH_TOT,IND_PERCENT,18.75
ISR,FRESHW_F,IND_PERCENT,18.75
LVA,MAMMAL,TOT_KNOWN,62
LVA,BIRD,TOT_KNOWN,233
LVA,REPTILE,TOT_KNOWN,7
LVA,AMPHIBIAN,TOT_KNOWN,13
LVA,VASCULAR_PLANT,TOT_KNOWN,1937
LVA,FISH_TOT,TOT_KNOWN,87
LVA,MARINE_F,TOT_KNOWN,42
LVA,FRESHW_F,TOT_KNOWN,45
LVA,MAMMAL,TOT_KNOWN_IND,54
LVA,BIRD,TOT_KNOWN_IND,231
LVA,REPTILE,TOT_KNOWN_IND,7
LVA,AMPHIBIAN,TOT_KNOWN_IND,13
LVA,VASCULAR_PLANT,TOT_KNOWN_IND,1304
LVA,FISH_TOT,TOT_KNOWN_IND,72
LVA,MARINE_F,TOT_KNOWN_IND,27
LVA,FRESHW_F,TOT_KNOWN_IND,45
LVA,MAMMAL,ENDANGERED,3
LVA,BIRD,ENDANGERED,19
LVA,REPTILE,ENDANGERED,1
LVA,AMPHIBIAN,ENDANGERED,1
LVA,VASCULAR_PLANT,ENDANGERED,110
LVA,FISH_TOT,ENDANGERED,0
LVA,MARINE_F,ENDANGERED,0
LVA,FRESHW_F,ENDANGERED,0
LVA,MOSS,ENDANGERED,41
LVA,LICHEN,ENDANGERED,18
LVA,INVERTEB,ENDANGERED,38
LVA,MAMMAL,CRITICAL,0
LVA,BIRD,CRITICAL,4
LVA,REPTILE,CRITICAL,1
LVA,AMPHIBIAN,CRITICAL,1
LVA,VASCULAR_PLANT,CRITICAL,16
LVA,FISH_TOT,CRITICAL,1
LVA,MARINE_F,CRITICAL,1
LVA,MOSS,CRITICAL,3
LVA,LICHEN,CRITICAL,2
LVA,INVERTEB,CRITICAL,7
LVA,MAMMAL,VULNERABLE,2
LVA,BIRD,VULNERABLE,16
LVA,REPTILE,VULNERABLE,0
LVA,AMPHIBIAN,VULNERABLE,2
LVA,VASCULAR_PLANT,VULNERABLE,83
LVA,FISH_TOT,VULNERABLE,1
LVA,FRESHW_F,VULNERABLE,1
LVA,MOSS,VULNERABLE,17
LVA,LICHEN,VULNERABLE,4
LVA,INVERTEB,VULNERABLE,34
LVA,MAMMAL,THREATENED,5
LVA,BIRD,THREATENED,39
LVA,REPTILE,THREATENED,2
LVA,AMPHIBIAN,THREATENED,4
LVA,VASCULAR_PLANT,THREATENED,209
LVA,FISH_TOT,THREATENED,2
LVA,MARINE_F,THREATENED,1
LVA,FRESHW_F,THREATENED,1
LVA,MOSS,THREATENED,61
LVA,LICHEN,THREATENED,24
LVA,INVERTEB,THREATENED,79
LVA,MAMMAL,ENDANGERED_IND,3
LVA,BIRD,ENDANGERED_IND,19
LVA,REPTILE,ENDANGERED_IND,1
LVA,AMPHIBIAN,ENDANGERED_IND,1
LVA,VASCULAR_PLANT,ENDANGERED_IND,110
LVA,FISH_TOT,ENDANGERED_IND,0
LVA,MARINE_F,ENDANGERED_IND,0
LVA,FRESHW_F,ENDANGERED_IND,0
LVA,MAMMAL,CRITICAL_IND,0
LVA,BIRD,CRITICAL_IND,4
LVA,REPTILE,CRITICAL_IND,1
LVA,AMPHIBIAN,CRITICAL_IND,1
LVA,VASCULAR_PLANT,CRITICAL_IND,16
LVA,FISH_TOT,CRITICAL_IND,1
LVA,MARINE_F,CRITICAL_IND,1
LVA,MAMMAL,VULNERABLE_IND,2
LVA,BIRD,VULNERABLE_IND,16
LVA,REPTILE,VULNERABLE_IND,0
LVA,AMPHIBIAN,VULNERABLE_IND,1
LVA,VASCULAR_PLANT,VULNERABLE_IND,83
LVA,FISH_TOT,VULNERABLE_IND,1
LVA,FRESHW_F,VULNERABLE_IND,1
LVA,MAMMAL,THREATENED_IND,5
LVA,BIRD,THREATENED_IND,39
LVA,REPTILE,THREATENED_IND,2
LVA,AMPHIBIAN,THREATENED_IND,3
LVA,VASCULAR_PLANT,THREATENED_IND,209
LVA,FISH_TOT,THREATENED_IND,2
LVA,MARINE_F,THREATENED_IND,1
LVA,FRESHW_F,THREATENED_IND,1
LVA,MAMMAL,THREAT_PERCENT,8.065
LVA,BIRD,THREAT_PERCENT,16.738
LVA,REPTILE,THREAT_PERCENT,28.571
LVA,AMPHIBIAN,THREAT_PERCENT,30.769
LVA,VASCULAR_PLANT,THREAT_PERCENT,10.79
LVA,FISH_TOT,THREAT_PERCENT,2.299
LVA,MARINE_F,THREAT_PERCENT,2.381
LVA,FRESHW_F,THREAT_PERCENT,2.222
LVA,MAMMAL,IND_PERCENT,9.259
LVA,BIRD,IND_PERCENT,16.883
LVA,REPTILE,IND_PERCENT,28.571
LVA,AMPHIBIAN,IND_PERCENT,23.077
LVA,VASCULAR_PLANT,IND_PERCENT,16.028
LVA,FISH_TOT,IND_PERCENT,2.778
LVA,MARINE_F,IND_PERCENT,3.704
LVA,FRESHW_F,IND_PERCENT,2.222
BRA,MAMMAL,ENDANGERED,43
BRA,BIRD,ENDANGERED,71
BRA,REPTILE,ENDANGERED,50
BRA,AMPHIBIAN,ENDANGERED,12
BRA,FISH_TOT,ENDANGERED,126
BRA,MARINE_F,ENDANGERED,14
BRA,FRESHW_F,ENDANGERED,112
BRA,INVERTEB,ENDANGERED,104
BRA,MAMMAL,CRITICAL,12
BRA,BIRD,CRITICAL,42
BRA,REPTILE,CRITICAL,10
BRA,AMPHIBIAN,CRITICAL,18
BRA,FISH_TOT,CRITICAL,135
BRA,MARINE_F,CRITICAL,34
BRA,FRESHW_F,CRITICAL,101
BRA,INVERTEB,CRITICAL,101
BRA,MAMMAL,VULNERABLE,55
BRA,BIRD,VULNERABLE,120
BRA,REPTILE,VULNERABLE,20
BRA,AMPHIBIAN,VULNERABLE,11
BRA,FISH_TOT,VULNERABLE,148
BRA,MARINE_F,VULNERABLE,50
BRA,FRESHW_F,VULNERABLE,98
BRA,INVERTEB,VULNERABLE,94
BRA,MAMMAL,THREATENED,110
BRA,BIRD,THREATENED,234
BRA,REPTILE,THREATENED,80
BRA,AMPHIBIAN,THREATENED,38
BRA,FISH_TOT,THREATENED,409
BRA,MARINE_F,THREATENED,98
BRA,FRESHW_F,THREATENED,311
BRA,INVERTEB,THREATENED,299
AUS,MOSS,TOT_KNOWN,976
AUS,LICHEN,TOT_KNOWN,3495
AUS,INVERTEB,TOT_KNOWN,98703
AUS,INVERTEB,ENDANGERED,22
AUS,INVERTEB,CRITICAL,28
AUS,MOSS,VULNERABLE,1
AUS,INVERTEB,VULNERABLE,11
AUS,MOSS,THREATENED,1
AUS,INVERTEB,THREATENED,61
AUS,MOSS,THREAT_PERCENT,0.102
AUS,INVERTEB,THREAT_PERCENT,0.062
BEL,MOSS,TOT_KNOWN,521
BEL,LICHEN,TOT_KNOWN,838
BEL,INVERTEB,TOT_KNOWN,5238
BEL,MOSS,TOT_KNOWN_IND,521
BEL,LICHEN,TOT_KNOWN_IND,838
BEL,INVERTEB,TOT_KNOWN_IND,5227
BEL,INVERTEB,ENDANGERED,201
BEL,INVERTEB,CRITICAL,135
BEL,INVERTEB,VULNERABLE,230
BEL,MOSS,THREATENED,140
BEL,LICHEN,THREATENED,495
BEL,INVERTEB,THREATENED,566
BEL,INVERTEB,ENDANGERED_IND,201
BEL,INVERTEB,CRITICAL_IND,135
BEL,INVERTEB,VULNERABLE_IND,230
BEL,MOSS,THREATENED_IND,140
BEL,LICHEN,THREATENED_IND,495
BEL,INVERTEB,THREATENED_IND,566
BEL,MOSS,THREAT_PERCENT,26.871
BEL,LICHEN,THREAT_PERCENT,59.069
BEL,INVERTEB,THREAT_PERCENT,10.806
BEL,MOSS,IND_PERCENT,26.871
BEL,LICHEN,IND_PERCENT,59.069
BEL,INVERTEB,IND_PERCENT,10.828
CZE,MOSS,TOT_KNOWN,863
CZE,LICHEN,TOT_KNOWN,1497
CZE,INVERTEB,TOT_KNOWN,32627
CZE,MOSS,ENDANGERED,88
CZE,LICHEN,ENDANGERED,184
CZE,INVERTEB,ENDANGERED,1706
CZE,MOSS,CRITICAL,70
CZE,LICHEN,CRITICAL,130
CZE,INVERTEB,CRITICAL,1420
CZE,MOSS,VULNERABLE,93
CZE,LICHEN,VULNERABLE,246
CZE,INVERTEB,VULNERABLE,2253
CZE,MOSS,THREATENED,251
CZE,LICHEN,THREATENED,560
CZE,INVERTEB,THREATENED,5379
CZE,MOSS,THREAT_PERCENT,29.085
CZE,LICHEN,THREAT_PERCENT,37.408
CZE,INVERTEB,THREAT_PERCENT,16.486
DNK,LICHEN,TOT_KNOWN,676
DNK,INVERTEB,TOT_KNOWN,3731
DNK,LICHEN,ENDANGERED,57
DNK,INVERTEB,ENDANGERED,156
DNK,LICHEN,CRITICAL,143
DNK,INVERTEB,CRITICAL,96
DNK,LICHEN,VULNERABLE,99
DNK,INVERTEB,VULNERABLE,272
DNK,LICHEN,THREATENED,299
DNK,INVERTEB,THREATENED,524
DNK,LICHEN,THREAT_PERCENT,44.231
DNK,INVERTEB,THREAT_PERCENT,14.044
IRL,MOSS,TOT_KNOWN,596
IRL,INVERTEB,TOT_KNOWN,1193
IRL,MOSS,ENDANGERED,30
IRL,INVERTEB,ENDANGERED,51
IRL,MOSS,CRITICAL,19
IRL,INVERTEB,CRITICAL,27
IRL,MOSS,VULNERABLE,64
IRL,INVERTEB,VULNERABLE,97
IRL,MOSS,THREATENED,113
IRL,INVERTEB,THREATENED,175
IRL,MOSS,THREAT_PERCENT,18.96
IRL,INVERTEB,THREAT_PERCENT,14.669
JPN,MOSS,TOT_KNOWN,1800
JPN,LICHEN,TOT_KNOWN,1600
JPN,INVERTEB,TOT_KNOWN,5300
JPN,MOSS,ENDANGERED,138
JPN,LICHEN,ENDANGERED,41
JPN,INVERTEB,ENDANGERED,22
JPN,MOSS,VULNERABLE,103
JPN,LICHEN,VULNERABLE,20
JPN,INVERTEB,VULNERABLE,43
JPN,MOSS,THREATENED,241
JPN,LICHEN,THREATENED,61
JPN,INVERTEB,THREATENED,65
JPN,MOSS,THREAT_PERCENT,13.389
JPN,LICHEN,THREAT_PERCENT,3.813
JPN,INVERTEB,THREAT_PERCENT,1.226
KOR,MOSS,TOT_KNOWN,925
KOR,LICHEN,TOT_KNOWN,1133
NLD,MAMMAL,TOT_KNOWN_IND,53
NLD,BIRD,TOT_KNOWN_IND,168
NLD,REPTILE,TOT_KNOWN_IND,7
NLD,VASCULAR_PLANT,TOT_KNOWN_IND,1395
NLD,MOSS,TOT_KNOWN_IND,517
NLD,LICHEN,TOT_KNOWN_IND,683
NLD,INVERTEB,TOT_KNOWN_IND,176
NLD,MAMMAL,ENDANGERED_IND,3
NLD,BIRD,ENDANGERED_IND,12
NLD,REPTILE,ENDANGERED_IND,0
NLD,AMPHIBIAN,ENDANGERED_IND,2
NLD,VASCULAR_PLANT,ENDANGERED_IND,117
NLD,MOSS,ENDANGERED_IND,27
NLD,LICHEN,ENDANGERED_IND,42
NLD,INVERTEB,ENDANGERED_IND,18
NLD,MAMMAL,CRITICAL_IND,2
NLD,BIRD,CRITICAL_IND,9
NLD,REPTILE,CRITICAL_IND,1
NLD,VASCULAR_PLANT,CRITICAL_IND,71
NLD,MOSS,CRITICAL_IND,52
NLD,LICHEN,CRITICAL_IND,49
NLD,INVERTEB,CRITICAL_IND,25
NLD,MAMMAL,VULNERABLE_IND,6
NLD,BIRD,VULNERABLE_IND,19
NLD,REPTILE,VULNERABLE_IND,4
NLD,AMPHIBIAN,VULNERABLE_IND,3
NLD,VASCULAR_PLANT,VULNERABLE_IND,168
NLD,MOSS,VULNERABLE_IND,43
NLD,LICHEN,VULNERABLE_IND,65
NLD,INVERTEB,VULNERABLE_IND,11
NLD,MAMMAL,THREATENED_IND,11
NLD,BIRD,THREATENED_IND,40
NLD,REPTILE,THREATENED_IND,5
NLD,VASCULAR_PLANT,THREATENED_IND,356
NLD,MOSS,THREATENED_IND,122
NLD,LICHEN,THREATENED_IND,156
NLD,INVERTEB,THREATENED_IND,54
NLD,MAMMAL,IND_PERCENT,20.755
NLD,BIRD,IND_PERCENT,23.81
NLD,REPTILE,IND_PERCENT,71.429
NLD,VASCULAR_PLANT,IND_PERCENT,25.52
NLD,MOSS,IND_PERCENT,23.598
NLD,LICHEN,IND_PERCENT,22.84
NLD,INVERTEB,IND_PERCENT,30.682
ESP,MOSS,TOT_KNOWN,1100
ESP,LICHEN,TOT_KNOWN,2426
ESP,MOSS,TOT_KNOWN_IND,1100
ESP,LICHEN,TOT_KNOWN_IND,2426
ESP,INVERTEB,TOT_KNOWN_IND,57000
ESP,MOSS,ENDANGERED,52
ESP,INVERTEB,ENDANGERED,52
ESP,MOSS,CRITICAL,46
ESP,INVERTEB,CRITICAL,18
ESP,MOSS,VULNERABLE,161
ESP,INVERTEB,VULNERABLE,203
ESP,MOSS,THREATENED,259
ESP,INVERTEB,THREATENED,273
ESP,MOSS,ENDANGERED_IND,52
ESP,INVERTEB,ENDANGERED_IND,52
ESP,MOSS,CRITICAL_IND,46
ESP,INVERTEB,CRITICAL_IND,18
ESP,MOSS,VULNERABLE_IND,161
ESP,INVERTEB,VULNERABLE_IND,203
ESP,MOSS,THREATENED_IND,259
ESP,INVERTEB,THREATENED_IND,273
ESP,MOSS,THREAT_PERCENT,23.545
ESP,MOSS,IND_PERCENT,23.545
ESP,INVERTEB,IND_PERCENT,0.479
SWE,MARINE_F,TOT_KNOWN,100
SWE,FRESHW_F,TOT_KNOWN,42
SWE,MARINE_F,TOT_KNOWN_IND,100
SWE,FRESHW_F,TOT_KNOWN_IND,42
SWE,MARINE_F,ENDANGERED,6
SWE,FRESHW_F,ENDANGERED,1
SWE,MARINE_F,CRITICAL,6
SWE,MARINE_F,VULNERABLE,7
SWE,FRESHW_F,VULNERABLE,1
SWE,MARINE_F,THREATENED,19
SWE,FRESHW_F,THREATENED,2
SWE,MARINE_F,ENDANGERED_IND,6
SWE,FRESHW_F,ENDANGERED_IND,1
SWE,MARINE_F,CRITICAL_IND,6
SWE,MARINE_F,VULNERABLE_IND,7
SWE,FRESHW_F,VULNERABLE_IND,1
SWE,MARINE_F,THREATENED_IND,19
SWE,FRESHW_F,THREATENED_IND,2
SWE,MARINE_F,THREAT_PERCENT,19
SWE,FRESHW_F,THREAT_PERCENT,4.762
SWE,MARINE_F,IND_PERCENT,19
SWE,FRESHW_F,IND_PERCENT,4.762
GBR,MOSS,THREATENED,123
CRI,MAMMAL,TOT_KNOWN,250
CRI,BIRD,TOT_KNOWN,912
CRI,REPTILE,TOT_KNOWN,241
CRI,AMPHIBIAN,TOT_KNOWN,201
CRI,VASCULAR_PLANT,TOT_KNOWN,9500
CRI,MARINE_F,TOT_KNOWN,1458
CRI,FRESHW_F,TOT_KNOWN,271
CRI,LICHEN,TOT_KNOWN,1337
CRI,INVERTEB,TOT_KNOWN,103491
CRI,MAMMAL,ENDANGERED,7
CRI,BIRD,ENDANGERED,6
CRI,REPTILE,ENDANGERED,3
CRI,AMPHIBIAN,ENDANGERED,10
CRI,VASCULAR_PLANT,ENDANGERED,40
CRI,MARINE_F,ENDANGERED,2
CRI,BIRD,CRITICAL,1
CRI,REPTILE,CRITICAL,5
CRI,AMPHIBIAN,CRITICAL,24
CRI,VASCULAR_PLANT,CRITICAL,8
CRI,MARINE_F,CRITICAL,2
CRI,MAMMAL,VULNERABLE,7
CRI,BIRD,VULNERABLE,15
CRI,REPTILE,VULNERABLE,7
CRI,AMPHIBIAN,VULNERABLE,7
CRI,VASCULAR_PLANT,VULNERABLE,83
CRI,FRESHW_F,VULNERABLE,1
CRI,MAMMAL,THREATENED,14
CRI,BIRD,THREATENED,22
CRI,REPTILE,THREATENED,15
CRI,AMPHIBIAN,THREATENED,41
CRI,VASCULAR_PLANT,THREATENED,131
CRI,MARINE_F,THREATENED,4
CRI,FRESHW_F,THREATENED,1
CRI,MAMMAL,THREAT_PERCENT,5.6
CRI,BIRD,THREAT_PERCENT,2.412
CRI,REPTILE,THREAT_PERCENT,6.224
CRI,AMPHIBIAN,THREAT_PERCENT,20.398
CRI,VASCULAR_PLANT,THREAT_PERCENT,1.379
CRI,MARINE_F,THREAT_PERCENT,0.274
CRI,FRESHW_F,THREAT_PERCENT,0.369
LVA,MOSS,TOT_KNOWN,560
LVA,LICHEN,TOT_KNOWN,687
LVA,INVERTEB,TOT_KNOWN,17100
LVA,MOSS,TOT_KNOWN_IND,559
LVA,LICHEN,TOT_KNOWN_IND,687
LVA,INVERTEB,TOT_KNOWN_IND,17000
LVA,MOSS,ENDANGERED_IND,41
LVA,LICHEN,ENDANGERED_IND,18
LVA,INVERTEB,ENDANGERED_IND,38
LVA,MOSS,CRITICAL_IND,3
LVA,LICHEN,CRITICAL_IND,2
LVA,INVERTEB,CRITICAL_IND,7
LVA,MOSS,VULNERABLE_IND,17
LVA,LICHEN,VULNERABLE_IND,4
LVA,INVERTEB,VULNERABLE_IND,34
LVA,MOSS,THREATENED_IND,61
LVA,LICHEN,THREATENED_IND,24
LVA,INVERTEB,THREATENED_IND,79
LVA,MOSS,THREAT_PERCENT,10.893
LVA,LICHEN,THREAT_PERCENT,3.493
LVA,INVERTEB,THREAT_PERCENT,0.462
LVA,MOSS,IND_PERCENT,10.912
LVA,LICHEN,IND_PERCENT,3.493
LVA,INVERTEB,IND_PERCENT,0.465
LTU,MAMMAL,TOT_KNOWN,68
LTU,BIRD,TOT_KNOWN,389
LTU,REPTILE,TOT_KNOWN,7
LTU,AMPHIBIAN,TOT_KNOWN,13
LTU,VASCULAR_PLANT,TOT_KNOWN,1334
LTU,FISH_TOT,TOT_KNOWN,105
LTU,MARINE_F,TOT_KNOWN,51
LTU,FRESHW_F,TOT_KNOWN,54
LTU,MOSS,TOT_KNOWN,470
LTU,LICHEN,TOT_KNOWN,250
LTU,INVERTEB,TOT_KNOWN,25000
LTU,MAMMAL,TOT_KNOWN_IND,59
LTU,BIRD,TOT_KNOWN_IND,368
LTU,REPTILE,TOT_KNOWN_IND,7
LTU,AMPHIBIAN,TOT_KNOWN_IND,13
LTU,VASCULAR_PLANT,TOT_KNOWN_IND,786
LTU,FISH_TOT,TOT_KNOWN_IND,85
LTU,MARINE_F,TOT_KNOWN_IND,49
LTU,FRESHW_F,TOT_KNOWN_IND,36
LTU,MAMMAL,ENDANGERED,3
LTU,BIRD,ENDANGERED,17
LTU,REPTILE,ENDANGERED,1
LTU,AMPHIBIAN,ENDANGERED,1
LTU,VASCULAR_PLANT,ENDANGERED,66
LTU,FISH_TOT,ENDANGERED,0
LTU,MARINE_F,ENDANGERED,0
LTU,FRESHW_F,ENDANGERED,0
LTU,MOSS,ENDANGERED,13
LTU,LICHEN,ENDANGERED,16
LTU,INVERTEB,ENDANGERED,54
LTU,MAMMAL,VULNERABLE,4
LTU,BIRD,VULNERABLE,20
LTU,REPTILE,VULNERABLE,1
LTU,AMPHIBIAN,VULNERABLE,1
LTU,VASCULAR_PLANT,VULNERABLE,41
LTU,FISH_TOT,VULNERABLE,2
LTU,MARINE_F,VULNERABLE,0
LTU,FRESHW_F,VULNERABLE,2
LTU,MOSS,VULNERABLE,26
LTU,LICHEN,VULNERABLE,3
LTU,INVERTEB,VULNERABLE,22
LTU,MAMMAL,THREATENED,7
LTU,BIRD,THREATENED,56
LTU,REPTILE,THREATENED,2
LTU,AMPHIBIAN,THREATENED,2
LTU,VASCULAR_PLANT,THREATENED,130
LTU,FISH_TOT,THREATENED,5
LTU,MARINE_F,THREATENED,1
LTU,FRESHW_F,THREATENED,4
LTU,MOSS,THREATENED,48
LTU,LICHEN,THREATENED,43
LTU,INVERTEB,THREATENED,89
LTU,MAMMAL,ENDANGERED_IND,3
LTU,BIRD,ENDANGERED_IND,17
LTU,REPTILE,ENDANGERED_IND,1
LTU,AMPHIBIAN,ENDANGERED_IND,1
LTU,VASCULAR_PLANT,ENDANGERED_IND,66
LTU,FISH_TOT,ENDANGERED_IND,0
LTU,MARINE_F,ENDANGERED_IND,0
LTU,FRESHW_F,ENDANGERED_IND,0
LTU,MOSS,ENDANGERED_IND,13
LTU,LICHEN,ENDANGERED_IND,16
LTU,INVERTEB,ENDANGERED_IND,54
LTU,MAMMAL,VULNERABLE_IND,4
LTU,BIRD,VULNERABLE_IND,20
LTU,REPTILE,VULNERABLE_IND,1
LTU,AMPHIBIAN,VULNERABLE_IND,1
LTU,VASCULAR_PLANT,VULNERABLE_IND,41
LTU,FISH_TOT,VULNERABLE_IND,2
LTU,MARINE_F,VULNERABLE_IND,0
LTU,FRESHW_F,VULNERABLE_IND,2
LTU,MOSS,VULNERABLE_IND,26
LTU,LICHEN,VULNERABLE_IND,3
LTU,INVERTEB,VULNERABLE_IND,22
LTU,MAMMAL,THREATENED_IND,7
LTU,BIRD,THREATENED_IND,56
LTU,REPTILE,THREATENED_IND,2
LTU,AMPHIBIAN,THREATENED_IND,2
LTU,VASCULAR_PLANT,THREATENED_IND,130
LTU,FISH_TOT,THREATENED_IND,5
LTU,MARINE_F,THREATENED_IND,1
LTU,FRESHW_F,THREATENED_IND,4
LTU,MOSS,THREATENED_IND,48
LTU,LICHEN,THREATENED_IND,43
LTU,INVERTEB,THREATENED_IND,89
LTU,MAMMAL,THREAT_PERCENT,10.294
LTU,BIRD,THREAT_PERCENT,14.396
LTU,REPTILE,THREAT_PERCENT,28.571
LTU,VASCULAR_PLANT,THREAT_PERCENT,9.745
LTU,FISH_TOT,THREAT_PERCENT,4.762
LTU,MARINE_F,THREAT_PERCENT,1.961
LTU,MOSS,THREAT_PERCENT,10.213
LTU,LICHEN,THREAT_PERCENT,17.2
LTU,INVERTEB,THREAT_PERCENT,0.356
LTU,MAMMAL,IND_PERCENT,11.864
LTU,BIRD,IND_PERCENT,15.217
LTU,REPTILE,IND_PERCENT,28.571
LTU,VASCULAR_PLANT,IND_PERCENT,16.539
LTU,FISH_TOT,IND_PERCENT,5.882
LTU,MARINE_F,IND_PERCENT,2.041
LTU,FRESHW_F,IND_PERCENT,11.111
AUS,MAMMAL,ENDANGERED_IND,37
AUS,AMPHIBIAN,ENDANGERED_IND,14
AUS,VASCULAR_PLANT,ENDANGERED_IND,527
AUS,FISH_TOT,ENDANGERED_IND,16
AUS,MARINE_F,ENDANGERED_IND,2
AUS,FRESHW_F,ENDANGERED_IND,14
AUS,INVERTEB,ENDANGERED_IND,22
AUS,MAMMAL,CRITICAL_IND,5
AUS,AMPHIBIAN,CRITICAL_IND,5
AUS,VASCULAR_PLANT,CRITICAL_IND,148
AUS,FISH_TOT,CRITICAL_IND,8
AUS,MARINE_F,CRITICAL_IND,3
AUS,FRESHW_F,CRITICAL_IND,5
AUS,INVERTEB,CRITICAL_IND,28
AUS,MAMMAL,VULNERABLE_IND,67
AUS,AMPHIBIAN,VULNERABLE_IND,10
AUS,VASCULAR_PLANT,VULNERABLE_IND,587
AUS,FISH_TOT,VULNERABLE_IND,24
AUS,MARINE_F,VULNERABLE_IND,8
AUS,FRESHW_F,VULNERABLE_IND,16
AUS,MOSS,VULNERABLE_IND,1
AUS,INVERTEB,VULNERABLE_IND,11
AUS,MAMMAL,THREATENED_IND,109
AUS,BIRD,THREATENED_IND,133
AUS,REPTILE,THREATENED_IND,61
AUS,AMPHIBIAN,THREATENED_IND,29
AUS,VASCULAR_PLANT,THREATENED_IND,1262
AUS,FISH_TOT,THREATENED_IND,48
AUS,MARINE_F,THREATENED_IND,13
AUS,FRESHW_F,THREATENED_IND,35
AUS,MOSS,THREATENED_IND,1
AUS,INVERTEB,THREATENED_IND,61
AUS,VASCULAR_PLANT,IND_PERCENT,7.057
AUT,MOSS,TOT_KNOWN,1016
AUT,LICHEN,TOT_KNOWN,2100
AUT,INVERTEB,TOT_KNOWN,45244
AUT,MOSS,TOT_KNOWN_IND,1016
AUT,LICHEN,TOT_KNOWN_IND,2100
AUT,INVERTEB,TOT_KNOWN_IND,45244
AUT,MOSS,ENDANGERED,69
AUT,LICHEN,ENDANGERED,135
AUT,INVERTEB,ENDANGERED,310
AUT,MOSS,CRITICAL,34
AUT,LICHEN,CRITICAL,57
AUT,INVERTEB,CRITICAL,302
AUT,MOSS,VULNERABLE,135
AUT,LICHEN,VULNERABLE,251
AUT,INVERTEB,VULNERABLE,356
AUT,MOSS,THREATENED,238
AUT,LICHEN,THREATENED,443
AUT,INVERTEB,THREATENED,968
AUT,MOSS,ENDANGERED_IND,69
AUT,LICHEN,ENDANGERED_IND,135
AUT,INVERTEB,ENDANGERED_IND,310
AUT,MOSS,CRITICAL_IND,34
AUT,LICHEN,CRITICAL_IND,57
AUT,INVERTEB,CRITICAL_IND,302
AUT,MOSS,VULNERABLE_IND,135
AUT,LICHEN,VULNERABLE_IND,251
AUT,INVERTEB,VULNERABLE_IND,356
AUT,MOSS,THREATENED_IND,238
AUT,LICHEN,THREATENED_IND,443
AUT,INVERTEB,THREATENED_IND,968
AUT,MOSS,THREAT_PERCENT,23.425
AUT,LICHEN,THREAT_PERCENT,21.095
AUT,INVERTEB,THREAT_PERCENT,2.14
AUT,MOSS,IND_PERCENT,23.425
AUT,LICHEN,IND_PERCENT,21.095
AUT,INVERTEB,IND_PERCENT,2.14
FRA,INVERTEB,TOT_KNOWN,1060
FRA,FISH_TOT,ENDANGERED,2
FRA,INVERTEB,ENDANGERED,22
FRA,VASCULAR_PLANT,CRITICAL,49
FRA,FISH_TOT,CRITICAL,4
FRA,INVERTEB,CRITICAL,18
FRA,FISH_TOT,VULNERABLE,9
FRA,INVERTEB,VULNERABLE,179
FRA,FISH_TOT,THREATENED,15
FRA,INVERTEB,THREATENED,219
FRA,VASCULAR_PLANT,THREAT_PERCENT,51.866
FRA,FISH_TOT,THREAT_PERCENT,21.739
FRA,INVERTEB,THREAT_PERCENT,20.66
IRL,INVERTEB,ENDANGERED_IND,51
IRL,INVERTEB,CRITICAL_IND,27
IRL,INVERTEB,VULNERABLE_IND,97
IRL,INVERTEB,THREATENED_IND,175
ITA,MOSS,TOT_KNOWN,1169
ITA,LICHEN,TOT_KNOWN,2704
ITA,MOSS,THREATENED,367
ITA,LICHEN,THREATENED,276
ITA,MOSS,THREAT_PERCENT,31.394
ITA,LICHEN,THREAT_PERCENT,10.207
TUR,INVERTEB,TOT_KNOWN,20636
CAN,LICHEN,TOT_KNOWN,857
CAN,LICHEN,TOT_KNOWN_IND,856
CAN,MOSS,CRITICAL,75
CAN,LICHEN,CRITICAL,70
CAN,MOSS,CRITICAL_IND,75
CAN,LICHEN,CRITICAL_IND,70
CAN,LICHEN,THREAT_PERCENT,21.47
CAN,LICHEN,IND_PERCENT,21.495
HUN,VASCULAR_PLANT,CRITICAL,115
HUN,VASCULAR_PLANT,CRITICAL_IND,115
IRL,MARINE_F,ENDANGERED,5
IRL,MARINE_F,CRITICAL,6
IRL,MARINE_F,VULNERABLE,6
IRL,MARINE_F,THREATENED,17
IRL,MARINE_F,ENDANGERED_IND,5
IRL,MARINE_F,CRITICAL_IND,6
IRL,MARINE_F,VULNERABLE_IND,6
IRL,MARINE_F,THREATENED_IND,17
IRL,MARINE_F,THREAT_PERCENT,4.521
IRL,MARINE_F,IND_PERCENT,4.521
TUR,LICHEN,TOT_KNOWN,1000
TUR,INVERTEB,THREATENED,89
TUR,INVERTEB,THREAT_PERCENT,0.431
BRA,AMPHIBIAN,TOT_KNOWN,877
BRA,AMPHIBIAN,THREAT_PERCENT,4.333
CAN,INVERTEB,TOT_KNOWN,19938
CAN,INVERTEB,TOT_KNOWN_IND,18908
CAN,INVERTEB,ENDANGERED,295
CAN,INVERTEB,CRITICAL,205
CAN,INVERTEB,VULNERABLE,765
CAN,INVERTEB,THREATENED,1265
CAN,INVERTEB,ENDANGERED_IND,295
CAN,INVERTEB,CRITICAL_IND,205
CAN,INVERTEB,VULNERABLE_IND,765
CAN,INVERTEB,THREATENED_IND,1265
CAN,INVERTEB,THREAT_PERCENT,6.345
CAN,INVERTEB,IND_PERCENT,6.69
HUN,MOSS,TOT_KNOWN,659
HUN,LICHEN,TOT_KNOWN,715
HUN,INVERTEB,TOT_KNOWN,87
HUN,MOSS,TOT_KNOWN_IND,657
HUN,LICHEN,TOT_KNOWN_IND,715
HUN,INVERTEB,TOT_KNOWN_IND,87
HUN,MOSS,ENDANGERED,90
HUN,LICHEN,ENDANGERED,44
HUN,INVERTEB,ENDANGERED,7
HUN,MOSS,CRITICAL,20
HUN,LICHEN,CRITICAL,24
HUN,INVERTEB,CRITICAL,9
HUN,MOSS,VULNERABLE,63
HUN,LICHEN,VULNERABLE,45
HUN,INVERTEB,VULNERABLE,8
HUN,MOSS,THREATENED,173
HUN,LICHEN,THREATENED,113
HUN,INVERTEB,THREATENED,24
HUN,MOSS,ENDANGERED_IND,90
HUN,LICHEN,ENDANGERED_IND,44
HUN,INVERTEB,ENDANGERED_IND,7
HUN,MOSS,CRITICAL_IND,20
HUN,LICHEN,CRITICAL_IND,24
HUN,INVERTEB,CRITICAL_IND,9
HUN,MOSS,VULNERABLE_IND,63
HUN,LICHEN,VULNERABLE_IND,45
HUN,INVERTEB,VULNERABLE_IND,8
HUN,MOSS,THREATENED_IND,173
HUN,LICHEN,THREATENED_IND,113
HUN,INVERTEB,THREATENED_IND,24
HUN,MOSS,THREAT_PERCENT,26.252
HUN,LICHEN,THREAT_PERCENT,15.804
HUN,INVERTEB,THREAT_PERCENT,27.586
HUN,MOSS,IND_PERCENT,26.332
HUN,LICHEN,IND_PERCENT,15.804
HUN,INVERTEB,IND_PERCENT,27.586
JPN,FISH_TOT,TOT_KNOWN,4300
JPN,MARINE_F,TOT_KNOWN,3900
JPN,FISH_TOT,ENDANGERED,60
JPN,MARINE_F,ENDANGERED,6
JPN,FISH_TOT,CRITICAL,79
JPN,MARINE_F,CRITICAL,8
JPN,FISH_TOT,VULNERABLE,46
JPN,MARINE_F,VULNERABLE,2
JPN,FISH_TOT,THREATENED,185
JPN,MARINE_F,THREATENED,16
JPN,FISH_TOT,THREAT_PERCENT,4.302
JPN,MARINE_F,THREAT_PERCENT,0.41
LUX,INVERTEB,CRITICAL,7
GBR,MOSS,TOT_KNOWN,805
GBR,MOSS,THREAT_PERCENT,15.28
LTU,BIRD,CRITICAL,19
LTU,VASCULAR_PLANT,CRITICAL,23
LTU,FISH_TOT,CRITICAL,3
LTU,MARINE_F,CRITICAL,1
LTU,FRESHW_F,CRITICAL,2
LTU,MOSS,CRITICAL,9
LTU,LICHEN,CRITICAL,24
LTU,INVERTEB,CRITICAL,13
LTU,BIRD,CRITICAL_IND,19
LTU,VASCULAR_PLANT,CRITICAL_IND,23
LTU,FISH_TOT,CRITICAL_IND,3
LTU,MARINE_F,CRITICAL_IND,1
LTU,FRESHW_F,CRITICAL_IND,2
LTU,MOSS,CRITICAL_IND,9
LTU,LICHEN,CRITICAL_IND,24
LTU,INVERTEB,CRITICAL_IND,13
LTU,AMPHIBIAN,THREAT_PERCENT,15.385
LTU,FRESHW_F,THREAT_PERCENT,7.407
LTU,AMPHIBIAN,IND_PERCENT,15.385
