IUCN,SPEC,COU,Value
TOT_KNOWN,MAMMAL,AUS,402
ENDANGERED,MAMMAL,AUS,37
CRITICAL,MAMMAL,AUS,5
VULNERABLE,MAMMAL,AUS,67
THREATENED,MAMMAL,AUS,109
TOT_KNOWN,MAMMAL,AUT,101
TOT_KNOWN_IND,MAMMAL,AUT,101
ENDANGERED,MAMMAL,AUT,6
CRITICAL,MAMMAL,AUT,4
VULNERABLE,MAMMAL,AUT,17
THREATENED,MAMMAL,AUT,27
ENDANGERED_IND,MAMMAL,AUT,6
CRITICAL_IND,MAMMAL,AUT,4
VULNERABLE_IND,MAMMAL,AUT,17
TOT_KNOWN,MAMMAL,BEL,84
TOT_KNOWN_IND,MAMMAL,BEL,65
ENDANGERED,MAMMAL,BEL,2
CRITICAL,MAMMAL,BEL,4
VULNERABLE,MAMMAL,BEL,12
THREATENED,MAMMAL,BEL,18
ENDANGERED_IND,MAMMAL,BEL,2
CRITICAL_IND,MAMMAL,BEL,4
VULNERABLE_IND,MAMMAL,BEL,12
TOT_KNOWN,MAMMAL,CAN,221
TOT_KNOWN_IND,MAMMAL,CAN,209
ENDANGERED,MAMMAL,CAN,10
VULNERABLE,MAMMAL,CAN,31
THREATENED,MAMMAL,CAN,52
ENDANGERED_IND,MAMMAL,CAN,10
VULNERABLE_IND,MAMMAL,CAN,31
TOT_KNOWN,MAMMAL,CZE,91
TOT_KNOWN_IND,MAMMAL,CZE,77
ENDANGERED,MAMMAL,CZE,1
CRITICAL,MAMMAL,CZE,10
VULNERABLE,MAMMAL,CZE,4
THREATENED,MAMMAL,CZE,15
TOT_KNOWN,MAMMAL,DNK,67
TOT_KNOWN_IND,MAMMAL,DNK,58
ENDANGERED,MAMMAL,DNK,1
VULNERABLE,MAMMAL,DNK,10
THREATENED,MAMMAL,DNK,11
ENDANGERED_IND,MAMMAL,DNK,1
VULNERABLE_IND,MAMMAL,DNK,10
TOT_KNOWN,MAMMAL,FIN,75
TOT_KNOWN_IND,MAMMAL,FIN,67
ENDANGERED,MAMMAL,FIN,4
CRITICAL,MAMMAL,FIN,1
VULNERABLE,MAMMAL,FIN,2
THREATENED,MAMMAL,FIN,7
ENDANGERED_IND,MAMMAL,FIN,4
CRITICAL_IND,MAMMAL,FIN,1
VULNERABLE_IND,MAMMAL,FIN,2
TOT_KNOWN,MAMMAL,FRA,125
ENDANGERED,MAMMAL,FRA,4
CRITICAL,MAMMAL,FRA,3
VULNERABLE,MAMMAL,FRA,10
THREATENED,MAMMAL,FRA,17
TOT_KNOWN,MAMMAL,DEU,93
TOT_KNOWN_IND,MAMMAL,DEU,85
ENDANGERED,MAMMAL,DEU,9
CRITICAL,MAMMAL,DEU,8
VULNERABLE,MAMMAL,DEU,15
THREATENED,MAMMAL,DEU,32
ENDANGERED_IND,MAMMAL,DEU,9
CRITICAL_IND,MAMMAL,DEU,8
VULNERABLE_IND,MAMMAL,DEU,15
TOT_KNOWN,MAMMAL,GRC,115
TOT_KNOWN_IND,MAMMAL,GRC,113
ENDANGERED,MAMMAL,GRC,13
CRITICAL,MAMMAL,GRC,3
VULNERABLE,MAMMAL,GRC,13
THREATENED,MAMMAL,GRC,29
ENDANGERED_IND,MAMMAL,GRC,13
CRITICAL_IND,MAMMAL,GRC,3
VULNERABLE_IND,MAMMAL,GRC,13
TOT_KNOWN,MAMMAL,HUN,87
TOT_KNOWN_IND,MAMMAL,HUN,76
ENDANGERED,MAMMAL,HUN,3
CRITICAL,MAMMAL,HUN,5
VULNERABLE,MAMMAL,HUN,6
THREATENED,MAMMAL,HUN,14
ENDANGERED_IND,MAMMAL,HUN,3
CRITICAL_IND,MAMMAL,HUN,5
VULNERABLE_IND,MAMMAL,HUN,6
TOT_KNOWN,MAMMAL,ISL,4
TOT_KNOWN,MAMMAL,IRL,57
TOT_KNOWN_IND,MAMMAL,IRL,46
VULNERABLE,MAMMAL,IRL,1
THREATENED,MAMMAL,IRL,1
TOT_KNOWN,MAMMAL,ITA,126
ENDANGERED,MAMMAL,ITA,8
CRITICAL,MAMMAL,ITA,2
VULNERABLE,MAMMAL,ITA,13
THREATENED,MAMMAL,ITA,23
TOT_KNOWN,MAMMAL,JPN,160
ENDANGERED,MAMMAL,JPN,12
CRITICAL,MAMMAL,JPN,12
VULNERABLE,MAMMAL,JPN,9
THREATENED,MAMMAL,JPN,33
TOT_KNOWN,MAMMAL,KOR,125
ENDANGERED,MAMMAL,KOR,4
CRITICAL,MAMMAL,KOR,1
VULNERABLE,MAMMAL,KOR,9
THREATENED,MAMMAL,KOR,14
TOT_KNOWN,MAMMAL,MEX,564
TOT_KNOWN_IND,MAMMAL,MEX,162
ENDANGERED,MAMMAL,MEX,50
CRITICAL,MAMMAL,MEX,11
VULNERABLE,MAMMAL,MEX,90
THREATENED,MAMMAL,MEX,151
ENDANGERED_IND,MAMMAL,MEX,24
CRITICAL_IND,MAMMAL,MEX,8
VULNERABLE_IND,MAMMAL,MEX,52
TOT_KNOWN,MAMMAL,NLD,53
ENDANGERED,MAMMAL,NLD,3
CRITICAL,MAMMAL,NLD,2
VULNERABLE,MAMMAL,NLD,6
THREATENED,MAMMAL,NLD,11
TOT_KNOWN,MAMMAL,NZL,65
TOT_KNOWN_IND,MAMMAL,NZL,37
ENDANGERED_IND,MAMMAL,NZL,2
CRITICAL_IND,MAMMAL,NZL,6
VULNERABLE_IND,MAMMAL,NZL,2
TOT_KNOWN,MAMMAL,NOR,89
TOT_KNOWN_IND,MAMMAL,NOR,73
ENDANGERED,MAMMAL,NOR,5
CRITICAL,MAMMAL,NOR,5
VULNERABLE,MAMMAL,NOR,7
THREATENED,MAMMAL,NOR,17
ENDANGERED_IND,MAMMAL,NOR,5
CRITICAL_IND,MAMMAL,NOR,5
VULNERABLE_IND,MAMMAL,NOR,7
TOT_KNOWN,MAMMAL,POL,112
TOT_KNOWN_IND,MAMMAL,POL,100
ENDANGERED,MAMMAL,POL,10
CRITICAL,MAMMAL,POL,2
VULNERABLE,MAMMAL,POL,1
THREATENED,MAMMAL,POL,13
ENDANGERED_IND,MAMMAL,POL,10
CRITICAL_IND,MAMMAL,POL,2
VULNERABLE_IND,MAMMAL,POL,1
TOT_KNOWN,MAMMAL,PRT,158
TOT_KNOWN_IND,MAMMAL,PRT,108
ENDANGERED,MAMMAL,PRT,7
CRITICAL,MAMMAL,PRT,11
VULNERABLE,MAMMAL,PRT,13
THREATENED,MAMMAL,PRT,31
ENDANGERED_IND,MAMMAL,PRT,7
CRITICAL_IND,MAMMAL,PRT,11
VULNERABLE_IND,MAMMAL,PRT,13
TOT_KNOWN,MAMMAL,SVK,90
TOT_KNOWN_IND,MAMMAL,SVK,85
ENDANGERED,MAMMAL,SVK,6
CRITICAL,MAMMAL,SVK,2
VULNERABLE,MAMMAL,SVK,12
THREATENED,MAMMAL,SVK,20
ENDANGERED_IND,MAMMAL,SVK,6
CRITICAL_IND,MAMMAL,SVK,2
VULNERABLE_IND,MAMMAL,SVK,12
TOT_KNOWN,MAMMAL,ESP,114
ENDANGERED,MAMMAL,ESP,4
CRITICAL,MAMMAL,ESP,2
VULNERABLE,MAMMAL,ESP,13
THREATENED,MAMMAL,ESP,19
ENDANGERED_IND,MAMMAL,ESP,4
CRITICAL_IND,MAMMAL,ESP,2
VULNERABLE_IND,MAMMAL,ESP,13
TOT_KNOWN,MAMMAL,SWE,65
TOT_KNOWN_IND,MAMMAL,SWE,65
ENDANGERED,MAMMAL,SWE,3
CRITICAL,MAMMAL,SWE,5
VULNERABLE,MAMMAL,SWE,6
THREATENED,MAMMAL,SWE,14
ENDANGERED_IND,MAMMAL,SWE,3
CRITICAL_IND,MAMMAL,SWE,5
VULNERABLE_IND,MAMMAL,SWE,6
TOT_KNOWN,MAMMAL,CHE,93
TOT_KNOWN_IND,MAMMAL,CHE,81
ENDANGERED,MAMMAL,CHE,13
CRITICAL,MAMMAL,CHE,5
VULNERABLE,MAMMAL,CHE,16
THREATENED,MAMMAL,CHE,34
ENDANGERED_IND,MAMMAL,CHE,13
CRITICAL_IND,MAMMAL,CHE,5
VULNERABLE_IND,MAMMAL,CHE,16
TOT_KNOWN,MAMMAL,TUR,161
THREATENED,MAMMAL,TUR,23
TOT_KNOWN,MAMMAL,GBR,99
ENDANGERED,MAMMAL,GBR,4
CRITICAL,MAMMAL,GBR,2
VULNERABLE,MAMMAL,GBR,5
THREATENED,MAMMAL,GBR,11
ENDANGERED_IND,MAMMAL,GBR,4
CRITICAL_IND,MAMMAL,GBR,2
VULNERABLE_IND,MAMMAL,GBR,5
TOT_KNOWN,MAMMAL,USA,453
TOT_KNOWN_IND,MAMMAL,USA,428
ENDANGERED,MAMMAL,USA,16
CRITICAL,MAMMAL,USA,13
VULNERABLE,MAMMAL,USA,49
THREATENED,MAMMAL,USA,78
ENDANGERED_IND,MAMMAL,USA,16
CRITICAL_IND,MAMMAL,USA,13
VULNERABLE_IND,MAMMAL,USA,47
TOT_KNOWN,MAMMAL,CHL,175
TOT_KNOWN_IND,MAMMAL,CHL,162
ENDANGERED,MAMMAL,CHL,13
VULNERABLE,MAMMAL,CHL,20
THREATENED,MAMMAL,CHL,36
ENDANGERED_IND,MAMMAL,CHL,13
VULNERABLE_IND,MAMMAL,CHL,20
TOT_KNOWN,MAMMAL,EST,65
TOT_KNOWN_IND,MAMMAL,EST,61
ENDANGERED,MAMMAL,EST,1
VULNERABLE,MAMMAL,EST,1
THREATENED,MAMMAL,EST,2
ENDANGERED_IND,MAMMAL,EST,1
VULNERABLE_IND,MAMMAL,EST,1
TOT_KNOWN_IND,MAMMAL,ISR,105
ENDANGERED_IND,MAMMAL,ISR,27
CRITICAL_IND,MAMMAL,ISR,15
VULNERABLE_IND,MAMMAL,ISR,19
TOT_KNOWN,MAMMAL,RUS,320
THREATENED,MAMMAL,RUS,40
TOT_KNOWN,MAMMAL,SVN,89
ENDANGERED,MAMMAL,SVN,19
VULNERABLE,MAMMAL,SVN,15
THREATENED,MAMMAL,SVN,34
ENDANGERED_IND,MAMMAL,SVN,19
VULNERABLE_IND,MAMMAL,SVN,15
TOT_KNOWN,BIRD,AUS,790
ENDANGERED,BIRD,AUS,51
CRITICAL,BIRD,AUS,16
VULNERABLE,BIRD,AUS,66
THREATENED,BIRD,AUS,133
ENDANGERED_IND,BIRD,AUS,51
CRITICAL_IND,BIRD,AUS,16
VULNERABLE_IND,BIRD,AUS,66
TOT_KNOWN,BIRD,AUT,242
TOT_KNOWN_IND,BIRD,AUT,242
ENDANGERED,BIRD,AUT,14
CRITICAL,BIRD,AUT,33
VULNERABLE,BIRD,AUT,19
THREATENED,BIRD,AUT,66
ENDANGERED_IND,BIRD,AUT,14
CRITICAL_IND,BIRD,AUT,33
VULNERABLE_IND,BIRD,AUT,19
TOT_KNOWN,BIRD,BEL,198
TOT_KNOWN_IND,BIRD,BEL,178
ENDANGERED,BIRD,BEL,15
CRITICAL,BIRD,BEL,20
VULNERABLE,BIRD,BEL,20
THREATENED,BIRD,BEL,55
ENDANGERED_IND,BIRD,BEL,15
CRITICAL_IND,BIRD,BEL,20
VULNERABLE_IND,BIRD,BEL,20
TOT_KNOWN,BIRD,CAN,674
TOT_KNOWN_IND,BIRD,CAN,664
ENDANGERED,BIRD,CAN,14
VULNERABLE,BIRD,CAN,48
THREATENED,BIRD,CAN,88
ENDANGERED_IND,BIRD,CAN,14
VULNERABLE_IND,BIRD,CAN,48
TOT_KNOWN,BIRD,CZE,210
TOT_KNOWN_IND,BIRD,CZE,208
ENDANGERED,BIRD,CZE,28
CRITICAL,BIRD,CZE,35
VULNERABLE,BIRD,CZE,36
THREATENED,BIRD,CZE,99
TOT_KNOWN,BIRD,DNK,209
TOT_KNOWN_IND,BIRD,DNK,209
ENDANGERED,BIRD,DNK,13
CRITICAL,BIRD,DNK,8
VULNERABLE,BIRD,DNK,13
THREATENED,BIRD,DNK,34
ENDANGERED_IND,BIRD,DNK,13
CRITICAL_IND,BIRD,DNK,8
VULNERABLE_IND,BIRD,DNK,13
TOT_KNOWN,BIRD,FIN,248
TOT_KNOWN_IND,BIRD,FIN,245
ENDANGERED,BIRD,FIN,36
CRITICAL,BIRD,FIN,13
VULNERABLE,BIRD,FIN,38
THREATENED,BIRD,FIN,87
ENDANGERED_IND,BIRD,FIN,36
CRITICAL_IND,BIRD,FIN,13
VULNERABLE_IND,BIRD,FIN,38
TOT_KNOWN,BIRD,FRA,391
TOT_KNOWN_IND,BIRD,FRA,284
ENDANGERED,BIRD,FRA,33
CRITICAL,BIRD,FRA,16
VULNERABLE,BIRD,FRA,58
THREATENED,BIRD,FRA,107
ENDANGERED_IND,BIRD,FRA,30
VULNERABLE_IND,BIRD,FRA,46
TOT_KNOWN,BIRD,DEU,264
TOT_KNOWN_IND,BIRD,DEU,244
ENDANGERED,BIRD,DEU,24
CRITICAL,BIRD,DEU,30
VULNERABLE,BIRD,DEU,40
THREATENED,BIRD,DEU,94
ENDANGERED_IND,BIRD,DEU,24
CRITICAL_IND,BIRD,DEU,30
VULNERABLE_IND,BIRD,DEU,40
TOT_KNOWN,BIRD,GRC,440
TOT_KNOWN_IND,BIRD,GRC,351
ENDANGERED,BIRD,GRC,17
CRITICAL,BIRD,GRC,14
VULNERABLE,BIRD,GRC,31
THREATENED,BIRD,GRC,62
ENDANGERED_IND,BIRD,GRC,17
CRITICAL_IND,BIRD,GRC,14
VULNERABLE_IND,BIRD,GRC,31
TOT_KNOWN,BIRD,HUN,435
TOT_KNOWN_IND,BIRD,HUN,420
ENDANGERED,BIRD,HUN,23
CRITICAL,BIRD,HUN,20
VULNERABLE,BIRD,HUN,35
THREATENED,BIRD,HUN,78
ENDANGERED_IND,BIRD,HUN,23
CRITICAL_IND,BIRD,HUN,20
VULNERABLE_IND,BIRD,HUN,35
TOT_KNOWN,BIRD,ISL,75
ENDANGERED,BIRD,ISL,11
CRITICAL,BIRD,ISL,6
VULNERABLE,BIRD,ISL,16
THREATENED,BIRD,ISL,33
TOT_KNOWN,BIRD,IRL,478
TOT_KNOWN_IND,BIRD,IRL,478
ENDANGERED,BIRD,IRL,37
VULNERABLE,BIRD,IRL,90
THREATENED,BIRD,IRL,127
TOT_KNOWN,BIRD,ITA,267
ENDANGERED,BIRD,ITA,22
CRITICAL,BIRD,ITA,6
VULNERABLE,BIRD,ITA,46
THREATENED,BIRD,ITA,74
TOT_KNOWN,BIRD,JPN,700
ENDANGERED,BIRD,JPN,31
CRITICAL,BIRD,JPN,23
VULNERABLE,BIRD,JPN,43
THREATENED,BIRD,JPN,97
TOT_KNOWN,BIRD,KOR,527
ENDANGERED,BIRD,KOR,18
CRITICAL,BIRD,KOR,1
VULNERABLE,BIRD,KOR,36
THREATENED,BIRD,KOR,55
TOT_KNOWN,BIRD,LUX,131
TOT_KNOWN_IND,BIRD,LUX,5
ENDANGERED,BIRD,LUX,9
CRITICAL,BIRD,LUX,7
VULNERABLE,BIRD,LUX,9
THREATENED,BIRD,LUX,25
TOT_KNOWN,BIRD,MEX,1123
TOT_KNOWN_IND,BIRD,MEX,194
ENDANGERED,BIRD,MEX,90
CRITICAL,BIRD,MEX,19
VULNERABLE,BIRD,MEX,124
THREATENED,BIRD,MEX,233
ENDANGERED_IND,BIRD,MEX,40
CRITICAL_IND,BIRD,MEX,13
VULNERABLE_IND,BIRD,MEX,29
TOT_KNOWN,BIRD,NLD,168
ENDANGERED,BIRD,NLD,12
CRITICAL,BIRD,NLD,9
VULNERABLE,BIRD,NLD,19
THREATENED,BIRD,NLD,40
TOT_KNOWN,BIRD,NZL,254
TOT_KNOWN_IND,BIRD,NZL,217
ENDANGERED_IND,BIRD,NZL,13
CRITICAL_IND,BIRD,NZL,20
VULNERABLE_IND,BIRD,NZL,32
TOT_KNOWN,BIRD,NOR,264
TOT_KNOWN_IND,BIRD,NOR,232
ENDANGERED,BIRD,NOR,15
CRITICAL,BIRD,NOR,6
VULNERABLE,BIRD,NOR,25
THREATENED,BIRD,NOR,46
ENDANGERED_IND,BIRD,NOR,15
CRITICAL_IND,BIRD,NOR,6
VULNERABLE_IND,BIRD,NOR,25
TOT_KNOWN,BIRD,POL,451
TOT_KNOWN_IND,BIRD,POL,445
ENDANGERED,BIRD,POL,8
CRITICAL,BIRD,POL,16
VULNERABLE,BIRD,POL,10
THREATENED,BIRD,POL,34
ENDANGERED_IND,BIRD,POL,8
CRITICAL_IND,BIRD,POL,16
VULNERABLE_IND,BIRD,POL,10
TOT_KNOWN,BIRD,PRT,393
TOT_KNOWN_IND,BIRD,PRT,362
ENDANGERED,BIRD,PRT,30
CRITICAL,BIRD,PRT,20
VULNERABLE,BIRD,PRT,61
THREATENED,BIRD,PRT,111
ENDANGERED_IND,BIRD,PRT,30
CRITICAL_IND,BIRD,PRT,20
VULNERABLE_IND,BIRD,PRT,61
TOT_KNOWN,BIRD,SVK,211
ENDANGERED,BIRD,SVK,24
CRITICAL,BIRD,SVK,10
VULNERABLE,BIRD,SVK,17
THREATENED,BIRD,SVK,51
ENDANGERED_IND,BIRD,SVK,24
CRITICAL_IND,BIRD,SVK,10
VULNERABLE_IND,BIRD,SVK,17
TOT_KNOWN,BIRD,ESP,581
ENDANGERED,BIRD,ESP,33
CRITICAL,BIRD,ESP,18
VULNERABLE,BIRD,ESP,63
THREATENED,BIRD,ESP,114
ENDANGERED_IND,BIRD,ESP,33
CRITICAL_IND,BIRD,ESP,18
VULNERABLE_IND,BIRD,ESP,63
TOT_KNOWN,BIRD,SWE,257
TOT_KNOWN_IND,BIRD,SWE,257
ENDANGERED,BIRD,SWE,11
CRITICAL,BIRD,SWE,6
VULNERABLE,BIRD,SWE,35
THREATENED,BIRD,SWE,52
ENDANGERED_IND,BIRD,SWE,11
CRITICAL_IND,BIRD,SWE,6
VULNERABLE_IND,BIRD,SWE,35
TOT_KNOWN,BIRD,CHE,205
TOT_KNOWN_IND,BIRD,CHE,199
ENDANGERED,BIRD,CHE,21
CRITICAL,BIRD,CHE,9
VULNERABLE,BIRD,CHE,41
THREATENED,BIRD,CHE,71
ENDANGERED_IND,BIRD,CHE,21
CRITICAL_IND,BIRD,CHE,9
VULNERABLE_IND,BIRD,CHE,41
TOT_KNOWN,BIRD,TUR,460
THREATENED,BIRD,TUR,17
TOT_KNOWN,BIRD,GBR,590
ENDANGERED,BIRD,GBR,50
CRITICAL,BIRD,GBR,27
VULNERABLE,BIRD,GBR,57
THREATENED,BIRD,GBR,134
ENDANGERED_IND,BIRD,GBR,50
CRITICAL_IND,BIRD,GBR,27
VULNERABLE_IND,BIRD,GBR,57
TOT_KNOWN,BIRD,USA,831
TOT_KNOWN_IND,BIRD,USA,766
ENDANGERED,BIRD,USA,25
CRITICAL,BIRD,USA,36
VULNERABLE,BIRD,USA,40
THREATENED,BIRD,USA,101
ENDANGERED_IND,BIRD,USA,23
CRITICAL_IND,BIRD,USA,35
VULNERABLE_IND,BIRD,USA,39
TOT_KNOWN,BIRD,CHL,498
TOT_KNOWN_IND,BIRD,CHL,492
ENDANGERED,BIRD,CHL,21
VULNERABLE,BIRD,CHL,22
THREATENED,BIRD,CHL,45
ENDANGERED_IND,BIRD,CHL,21
VULNERABLE_IND,BIRD,CHL,22
TOT_KNOWN,BIRD,EST,377
TOT_KNOWN_IND,BIRD,EST,370
ENDANGERED,BIRD,EST,8
CRITICAL,BIRD,EST,8
VULNERABLE,BIRD,EST,22
THREATENED,BIRD,EST,38
ENDANGERED_IND,BIRD,EST,8
CRITICAL_IND,BIRD,EST,8
VULNERABLE_IND,BIRD,EST,22
TOT_KNOWN,BIRD,RUS,732
THREATENED,BIRD,RUS,56
TOT_KNOWN,BIRD,SVN,380
TOT_KNOWN_IND,BIRD,SVN,365
ENDANGERED,BIRD,SVN,43
CRITICAL,BIRD,SVN,17
VULNERABLE,BIRD,SVN,45
THREATENED,BIRD,SVN,105
ENDANGERED_IND,BIRD,SVN,43
CRITICAL_IND,BIRD,SVN,17
VULNERABLE_IND,BIRD,SVN,45
TOT_KNOWN,REPTILE,AUS,1025
ENDANGERED,REPTILE,AUS,18
CRITICAL,REPTILE,AUS,10
VULNERABLE,REPTILE,AUS,33
THREATENED,REPTILE,AUS,61
ENDANGERED_IND,REPTILE,AUS,18
CRITICAL_IND,REPTILE,AUS,10
VULNERABLE_IND,REPTILE,AUS,33
TOT_KNOWN,REPTILE,AUT,14
TOT_KNOWN_IND,REPTILE,AUT,14
ENDANGERED,REPTILE,AUT,3
CRITICAL,REPTILE,AUT,3
VULNERABLE,REPTILE,AUT,3
THREATENED,REPTILE,AUT,9
ENDANGERED_IND,REPTILE,AUT,3
CRITICAL_IND,REPTILE,AUT,3
VULNERABLE_IND,REPTILE,AUT,3
TOT_KNOWN,REPTILE,BEL,10
TOT_KNOWN_IND,REPTILE,BEL,7
ENDANGERED,REPTILE,BEL,2
VULNERABLE,REPTILE,BEL,2
THREATENED,REPTILE,BEL,4
ENDANGERED_IND,REPTILE,BEL,2
VULNERABLE_IND,REPTILE,BEL,2
TOT_KNOWN,REPTILE,CAN,45
TOT_KNOWN_IND,REPTILE,CAN,43
ENDANGERED,REPTILE,CAN,6
VULNERABLE,REPTILE,CAN,15
THREATENED,REPTILE,CAN,26
ENDANGERED_IND,REPTILE,CAN,6
VULNERABLE_IND,REPTILE,CAN,15
TOT_KNOWN,REPTILE,CZE,13
TOT_KNOWN_IND,REPTILE,CZE,11
ENDANGERED,REPTILE,CZE,3
CRITICAL,REPTILE,CZE,3
VULNERABLE,REPTILE,CZE,1
THREATENED,REPTILE,CZE,7
TOT_KNOWN,REPTILE,DNK,8
TOT_KNOWN_IND,REPTILE,DNK,8
TOT_KNOWN,REPTILE,FIN,5
TOT_KNOWN_IND,REPTILE,FIN,5
VULNERABLE,REPTILE,FIN,1
THREATENED,REPTILE,FIN,1
VULNERABLE_IND,REPTILE,FIN,1
TOT_KNOWN,REPTILE,FRA,38
ENDANGERED,REPTILE,FRA,3
CRITICAL,REPTILE,FRA,0
VULNERABLE,REPTILE,FRA,6
THREATENED,REPTILE,FRA,9
TOT_KNOWN,REPTILE,DEU,13
TOT_KNOWN_IND,REPTILE,DEU,13
ENDANGERED,REPTILE,DEU,3
CRITICAL,REPTILE,DEU,4
VULNERABLE,REPTILE,DEU,1
THREATENED,REPTILE,DEU,8
ENDANGERED_IND,REPTILE,DEU,3
CRITICAL_IND,REPTILE,DEU,4
VULNERABLE_IND,REPTILE,DEU,1
TOT_KNOWN,REPTILE,GRC,66
TOT_KNOWN_IND,REPTILE,GRC,64
ENDANGERED,REPTILE,GRC,2
CRITICAL,REPTILE,GRC,1
VULNERABLE,REPTILE,GRC,6
THREATENED,REPTILE,GRC,9
ENDANGERED_IND,REPTILE,GRC,2
CRITICAL_IND,REPTILE,GRC,1
VULNERABLE_IND,REPTILE,GRC,6
TOT_KNOWN,REPTILE,HUN,15
TOT_KNOWN_IND,REPTILE,HUN,15
ENDANGERED,REPTILE,HUN,4
THREATENED,REPTILE,HUN,4
ENDANGERED_IND,REPTILE,HUN,4
TOT_KNOWN,REPTILE,IRL,3
TOT_KNOWN_IND,REPTILE,IRL,2
ENDANGERED,REPTILE,IRL,0
THREATENED,REPTILE,IRL,0
ENDANGERED_IND,REPTILE,IRL,0
TOT_KNOWN,REPTILE,ITA,56
ENDANGERED,REPTILE,ITA,5
CRITICAL,REPTILE,ITA,1
VULNERABLE,REPTILE,ITA,5
THREATENED,REPTILE,ITA,11
TOT_KNOWN,REPTILE,JPN,100
ENDANGERED,REPTILE,JPN,9
CRITICAL,REPTILE,JPN,5
VULNERABLE,REPTILE,JPN,23
THREATENED,REPTILE,JPN,37
TOT_KNOWN,REPTILE,KOR,32
ENDANGERED,REPTILE,KOR,3
VULNERABLE,REPTILE,KOR,2
THREATENED,REPTILE,KOR,5
TOT_KNOWN,REPTILE,LUX,6
ENDANGERED,REPTILE,LUX,0
CRITICAL,REPTILE,LUX,0
VULNERABLE,REPTILE,LUX,2
THREATENED,REPTILE,LUX,2
TOT_KNOWN,REPTILE,MEX,908
TOT_KNOWN_IND,REPTILE,MEX,509
ENDANGERED,REPTILE,MEX,27
CRITICAL,REPTILE,MEX,0
VULNERABLE,REPTILE,MEX,138
THREATENED,REPTILE,MEX,165
ENDANGERED_IND,REPTILE,MEX,17
CRITICAL_IND,REPTILE,MEX,0
VULNERABLE_IND,REPTILE,MEX,92
TOT_KNOWN,REPTILE,NLD,7
ENDANGERED,REPTILE,NLD,0
CRITICAL,REPTILE,NLD,1
VULNERABLE,REPTILE,NLD,4
THREATENED,REPTILE,NLD,5
TOT_KNOWN,REPTILE,NZL,107
TOT_KNOWN_IND,REPTILE,NZL,106
ENDANGERED_IND,REPTILE,NZL,8
CRITICAL_IND,REPTILE,NZL,8
VULNERABLE_IND,REPTILE,NZL,21
TOT_KNOWN,REPTILE,NOR,6
TOT_KNOWN_IND,REPTILE,NOR,5
TOT_KNOWN,REPTILE,POL,11
TOT_KNOWN_IND,REPTILE,POL,9
ENDANGERED,REPTILE,POL,1
CRITICAL,REPTILE,POL,1
VULNERABLE,REPTILE,POL,1
THREATENED,REPTILE,POL,3
ENDANGERED_IND,REPTILE,POL,1
CRITICAL_IND,REPTILE,POL,1
VULNERABLE_IND,REPTILE,POL,1
TOT_KNOWN,REPTILE,PRT,49
TOT_KNOWN_IND,REPTILE,PRT,32
ENDANGERED,REPTILE,PRT,4
VULNERABLE,REPTILE,PRT,6
THREATENED,REPTILE,PRT,10
ENDANGERED_IND,REPTILE,PRT,4
VULNERABLE_IND,REPTILE,PRT,6
TOT_KNOWN,REPTILE,SVK,12
TOT_KNOWN_IND,REPTILE,SVK,12
CRITICAL,REPTILE,SVK,1
VULNERABLE,REPTILE,SVK,4
THREATENED,REPTILE,SVK,5
CRITICAL_IND,REPTILE,SVK,1
VULNERABLE_IND,REPTILE,SVK,4
TOT_KNOWN,REPTILE,ESP,92
ENDANGERED,REPTILE,ESP,10
CRITICAL,REPTILE,ESP,8
VULNERABLE,REPTILE,ESP,16
THREATENED,REPTILE,ESP,34
ENDANGERED_IND,REPTILE,ESP,10
CRITICAL_IND,REPTILE,ESP,8
VULNERABLE_IND,REPTILE,ESP,16
TOT_KNOWN,REPTILE,SWE,6
TOT_KNOWN_IND,REPTILE,SWE,6
VULNERABLE,REPTILE,SWE,2
THREATENED,REPTILE,SWE,2
VULNERABLE_IND,REPTILE,SWE,2
TOT_KNOWN,REPTILE,CHE,19
TOT_KNOWN_IND,REPTILE,CHE,19
ENDANGERED,REPTILE,CHE,7
CRITICAL,REPTILE,CHE,3
VULNERABLE,REPTILE,CHE,5
THREATENED,REPTILE,CHE,15
ENDANGERED_IND,REPTILE,CHE,7
CRITICAL_IND,REPTILE,CHE,3
VULNERABLE_IND,REPTILE,CHE,5
TOT_KNOWN,REPTILE,GBR,15
TOT_KNOWN,REPTILE,USA,345
TOT_KNOWN_IND,REPTILE,USA,301
ENDANGERED,REPTILE,USA,20
CRITICAL,REPTILE,USA,8
VULNERABLE,REPTILE,USA,34
THREATENED,REPTILE,USA,62
ENDANGERED_IND,REPTILE,USA,20
CRITICAL_IND,REPTILE,USA,8
VULNERABLE_IND,REPTILE,USA,33
TOT_KNOWN,REPTILE,CHL,131
TOT_KNOWN_IND,REPTILE,CHL,122
ENDANGERED,REPTILE,CHL,17
VULNERABLE,REPTILE,CHL,25
THREATENED,REPTILE,CHL,52
ENDANGERED_IND,REPTILE,CHL,17
VULNERABLE_IND,REPTILE,CHL,25
TOT_KNOWN,REPTILE,EST,2
TOT_KNOWN_IND,REPTILE,EST,2
VULNERABLE,REPTILE,EST,1
THREATENED,REPTILE,EST,1
VULNERABLE_IND,REPTILE,EST,1
TOT_KNOWN_IND,REPTILE,ISR,105
ENDANGERED_IND,REPTILE,ISR,7
CRITICAL_IND,REPTILE,ISR,13
VULNERABLE_IND,REPTILE,ISR,15
TOT_KNOWN,REPTILE,RUS,75
THREATENED,REPTILE,RUS,9
TOT_KNOWN,REPTILE,SVN,24
TOT_KNOWN_IND,REPTILE,SVN,24
ENDANGERED,REPTILE,SVN,7
VULNERABLE,REPTILE,SVN,11
THREATENED,REPTILE,SVN,18
ENDANGERED_IND,REPTILE,SVN,7
VULNERABLE_IND,REPTILE,SVN,11
TOT_KNOWN,AMPHIBIAN,AUS,242
ENDANGERED,AMPHIBIAN,AUS,14
CRITICAL,AMPHIBIAN,AUS,5
VULNERABLE,AMPHIBIAN,AUS,10
THREATENED,AMPHIBIAN,AUS,29
TOT_KNOWN,AMPHIBIAN,AUT,20
TOT_KNOWN_IND,AMPHIBIAN,AUT,20
ENDANGERED,AMPHIBIAN,AUT,3
CRITICAL,AMPHIBIAN,AUT,1
VULNERABLE,AMPHIBIAN,AUT,8
THREATENED,AMPHIBIAN,AUT,12
ENDANGERED_IND,AMPHIBIAN,AUT,3
CRITICAL_IND,AMPHIBIAN,AUT,1
VULNERABLE_IND,AMPHIBIAN,AUT,8
TOT_KNOWN,AMPHIBIAN,BEL,19
TOT_KNOWN_IND,AMPHIBIAN,BEL,16
ENDANGERED,AMPHIBIAN,BEL,3
CRITICAL,AMPHIBIAN,BEL,3
THREATENED,AMPHIBIAN,BEL,6
ENDANGERED_IND,AMPHIBIAN,BEL,3
CRITICAL_IND,AMPHIBIAN,BEL,3
TOT_KNOWN,AMPHIBIAN,CAN,47
TOT_KNOWN_IND,AMPHIBIAN,CAN,47
ENDANGERED,AMPHIBIAN,CAN,5
VULNERABLE,AMPHIBIAN,CAN,9
THREATENED,AMPHIBIAN,CAN,16
ENDANGERED_IND,AMPHIBIAN,CAN,5
VULNERABLE_IND,AMPHIBIAN,CAN,9
TOT_KNOWN,AMPHIBIAN,CZE,22
TOT_KNOWN_IND,AMPHIBIAN,CZE,21
ENDANGERED,AMPHIBIAN,CZE,5
CRITICAL,AMPHIBIAN,CZE,5
VULNERABLE,AMPHIBIAN,CZE,6
THREATENED,AMPHIBIAN,CZE,16
TOT_KNOWN,AMPHIBIAN,DNK,15
TOT_KNOWN_IND,AMPHIBIAN,DNK,15
CRITICAL,AMPHIBIAN,DNK,1
THREATENED,AMPHIBIAN,DNK,1
CRITICAL_IND,AMPHIBIAN,DNK,1
TOT_KNOWN,AMPHIBIAN,FIN,7
TOT_KNOWN_IND,AMPHIBIAN,FIN,7
VULNERABLE,AMPHIBIAN,FIN,0
THREATENED,AMPHIBIAN,FIN,1
VULNERABLE_IND,AMPHIBIAN,FIN,0
TOT_KNOWN,AMPHIBIAN,FRA,35
ENDANGERED,AMPHIBIAN,FRA,3
CRITICAL,AMPHIBIAN,FRA,0
VULNERABLE,AMPHIBIAN,FRA,5
THREATENED,AMPHIBIAN,FRA,8
TOT_KNOWN,AMPHIBIAN,DEU,22
TOT_KNOWN_IND,AMPHIBIAN,DEU,20
ENDANGERED,AMPHIBIAN,DEU,2
VULNERABLE,AMPHIBIAN,DEU,6
THREATENED,AMPHIBIAN,DEU,8
ENDANGERED_IND,AMPHIBIAN,DEU,2
VULNERABLE_IND,AMPHIBIAN,DEU,6
TOT_KNOWN,AMPHIBIAN,GRC,23
TOT_KNOWN_IND,AMPHIBIAN,GRC,22
ENDANGERED,AMPHIBIAN,GRC,2
CRITICAL,AMPHIBIAN,GRC,1
VULNERABLE,AMPHIBIAN,GRC,3
THREATENED,AMPHIBIAN,GRC,6
ENDANGERED_IND,AMPHIBIAN,GRC,2
CRITICAL_IND,AMPHIBIAN,GRC,1
VULNERABLE_IND,AMPHIBIAN,GRC,3
TOT_KNOWN,AMPHIBIAN,HUN,18
TOT_KNOWN_IND,AMPHIBIAN,HUN,18
ENDANGERED,AMPHIBIAN,HUN,1
VULNERABLE,AMPHIBIAN,HUN,1
THREATENED,AMPHIBIAN,HUN,2
ENDANGERED_IND,AMPHIBIAN,HUN,1
VULNERABLE_IND,AMPHIBIAN,HUN,1
TOT_KNOWN,AMPHIBIAN,IRL,3
TOT_KNOWN_IND,AMPHIBIAN,IRL,3
ENDANGERED,AMPHIBIAN,IRL,1
THREATENED,AMPHIBIAN,IRL,1
ENDANGERED_IND,AMPHIBIAN,IRL,1
TOT_KNOWN,AMPHIBIAN,ITA,44
ENDANGERED,AMPHIBIAN,ITA,4
CRITICAL,AMPHIBIAN,ITA,0
VULNERABLE,AMPHIBIAN,ITA,10
THREATENED,AMPHIBIAN,ITA,14
TOT_KNOWN,AMPHIBIAN,JPN,77
ENDANGERED,AMPHIBIAN,JPN,13
CRITICAL,AMPHIBIAN,JPN,4
VULNERABLE,AMPHIBIAN,JPN,12
THREATENED,AMPHIBIAN,JPN,29
TOT_KNOWN,AMPHIBIAN,KOR,20
ENDANGERED,AMPHIBIAN,KOR,2
VULNERABLE,AMPHIBIAN,KOR,3
THREATENED,AMPHIBIAN,KOR,5
TOT_KNOWN,AMPHIBIAN,LUX,14
ENDANGERED,AMPHIBIAN,LUX,1
CRITICAL,AMPHIBIAN,LUX,2
VULNERABLE,AMPHIBIAN,LUX,1
THREATENED,AMPHIBIAN,LUX,4
TOT_KNOWN,AMPHIBIAN,MEX,399
TOT_KNOWN_IND,AMPHIBIAN,MEX,258
ENDANGERED,AMPHIBIAN,MEX,7
CRITICAL,AMPHIBIAN,MEX,0
VULNERABLE,AMPHIBIAN,MEX,44
THREATENED,AMPHIBIAN,MEX,51
ENDANGERED_IND,AMPHIBIAN,MEX,6
CRITICAL_IND,AMPHIBIAN,MEX,0
VULNERABLE_IND,AMPHIBIAN,MEX,37
TOT_KNOWN,AMPHIBIAN,NLD,16
ENDANGERED,AMPHIBIAN,NLD,2
CRITICAL,AMPHIBIAN,NLD,2
VULNERABLE,AMPHIBIAN,NLD,3
THREATENED,AMPHIBIAN,NLD,7
TOT_KNOWN,AMPHIBIAN,NZL,8
TOT_KNOWN_IND,AMPHIBIAN,NZL,4
ENDANGERED_IND,AMPHIBIAN,NZL,0
CRITICAL_IND,AMPHIBIAN,NZL,0
VULNERABLE_IND,AMPHIBIAN,NZL,1
TOT_KNOWN,AMPHIBIAN,NOR,6
TOT_KNOWN_IND,AMPHIBIAN,NOR,6
CRITICAL,AMPHIBIAN,NOR,1
THREATENED,AMPHIBIAN,NOR,1
CRITICAL_IND,AMPHIBIAN,NOR,1
TOT_KNOWN,AMPHIBIAN,POL,18
TOT_KNOWN_IND,AMPHIBIAN,POL,18
TOT_KNOWN,AMPHIBIAN,PRT,20
TOT_KNOWN_IND,AMPHIBIAN,PRT,17
VULNERABLE,AMPHIBIAN,PRT,2
THREATENED,AMPHIBIAN,PRT,2
VULNERABLE_IND,AMPHIBIAN,PRT,2
TOT_KNOWN,AMPHIBIAN,SVK,18
TOT_KNOWN_IND,AMPHIBIAN,SVK,18
ENDANGERED,AMPHIBIAN,SVK,3
VULNERABLE,AMPHIBIAN,SVK,5
THREATENED,AMPHIBIAN,SVK,8
ENDANGERED_IND,AMPHIBIAN,SVK,3
VULNERABLE_IND,AMPHIBIAN,SVK,5
TOT_KNOWN,AMPHIBIAN,ESP,36
ENDANGERED,AMPHIBIAN,ESP,4
CRITICAL,AMPHIBIAN,ESP,2
VULNERABLE,AMPHIBIAN,ESP,8
THREATENED,AMPHIBIAN,ESP,14
ENDANGERED_IND,AMPHIBIAN,ESP,4
CRITICAL_IND,AMPHIBIAN,ESP,2
VULNERABLE_IND,AMPHIBIAN,ESP,8
TOT_KNOWN,AMPHIBIAN,SWE,13
TOT_KNOWN_IND,AMPHIBIAN,SWE,13
ENDANGERED,AMPHIBIAN,SWE,0
VULNERABLE,AMPHIBIAN,SWE,5
THREATENED,AMPHIBIAN,SWE,5
ENDANGERED_IND,AMPHIBIAN,SWE,0
VULNERABLE_IND,AMPHIBIAN,SWE,5
TOT_KNOWN,AMPHIBIAN,CHE,19
TOT_KNOWN_IND,AMPHIBIAN,CHE,18
ENDANGERED,AMPHIBIAN,CHE,9
CRITICAL,AMPHIBIAN,CHE,0
VULNERABLE,AMPHIBIAN,CHE,4
THREATENED,AMPHIBIAN,CHE,13
ENDANGERED_IND,AMPHIBIAN,CHE,9
CRITICAL_IND,AMPHIBIAN,CHE,0
VULNERABLE_IND,AMPHIBIAN,CHE,4
TOT_KNOWN,AMPHIBIAN,TUR,141
THREATENED,AMPHIBIAN,TUR,10
TOT_KNOWN,AMPHIBIAN,GBR,15
TOT_KNOWN,AMPHIBIAN,USA,270
TOT_KNOWN_IND,AMPHIBIAN,USA,260
ENDANGERED,AMPHIBIAN,USA,36
CRITICAL,AMPHIBIAN,USA,31
VULNERABLE,AMPHIBIAN,USA,42
THREATENED,AMPHIBIAN,USA,109
ENDANGERED_IND,AMPHIBIAN,USA,36
CRITICAL_IND,AMPHIBIAN,USA,31
VULNERABLE_IND,AMPHIBIAN,USA,42
TOT_KNOWN,AMPHIBIAN,CHL,65
TOT_KNOWN_IND,AMPHIBIAN,CHL,64
ENDANGERED,AMPHIBIAN,CHL,23
VULNERABLE,AMPHIBIAN,CHL,11
THREATENED,AMPHIBIAN,CHL,44
ENDANGERED_IND,AMPHIBIAN,CHL,23
VULNERABLE_IND,AMPHIBIAN,CHL,11
TOT_KNOWN,AMPHIBIAN,EST,9
TOT_KNOWN_IND,AMPHIBIAN,EST,8
ENDANGERED,AMPHIBIAN,EST,1
CRITICAL,AMPHIBIAN,EST,1
VULNERABLE,AMPHIBIAN,EST,2
THREATENED,AMPHIBIAN,EST,4
ENDANGERED_IND,AMPHIBIAN,EST,1
CRITICAL_IND,AMPHIBIAN,EST,1
VULNERABLE_IND,AMPHIBIAN,EST,2
TOT_KNOWN,AMPHIBIAN,RUS,27
THREATENED,AMPHIBIAN,RUS,5
TOT_KNOWN,AMPHIBIAN,SVN,21
TOT_KNOWN_IND,AMPHIBIAN,SVN,21
ENDANGERED,AMPHIBIAN,SVN,3
VULNERABLE,AMPHIBIAN,SVN,14
THREATENED,AMPHIBIAN,SVN,17
ENDANGERED_IND,AMPHIBIAN,SVN,3
VULNERABLE_IND,AMPHIBIAN,SVN,14
TOT_KNOWN,VASCULAR_PLANT,AUS,19178
TOT_KNOWN_IND,VASCULAR_PLANT,AUS,17883
ENDANGERED,VASCULAR_PLANT,AUS,527
CRITICAL,VASCULAR_PLANT,AUS,148
VULNERABLE,VASCULAR_PLANT,AUS,587
THREATENED,VASCULAR_PLANT,AUS,1262
TOT_KNOWN,VASCULAR_PLANT,AUT,2950
TOT_KNOWN_IND,VASCULAR_PLANT,AUT,2950
ENDANGERED,VASCULAR_PLANT,AUT,348
CRITICAL,VASCULAR_PLANT,AUT,172
VULNERABLE,VASCULAR_PLANT,AUT,465
THREATENED,VASCULAR_PLANT,AUT,985
ENDANGERED_IND,VASCULAR_PLANT,AUT,348
CRITICAL_IND,VASCULAR_PLANT,AUT,172
VULNERABLE_IND,VASCULAR_PLANT,AUT,465
TOT_KNOWN,VASCULAR_PLANT,BEL,1818
TOT_KNOWN_IND,VASCULAR_PLANT,BEL,1438
ENDANGERED,VASCULAR_PLANT,BEL,107
CRITICAL,VASCULAR_PLANT,BEL,253
VULNERABLE,VASCULAR_PLANT,BEL,63
THREATENED,VASCULAR_PLANT,BEL,423
ENDANGERED_IND,VASCULAR_PLANT,BEL,107
CRITICAL_IND,VASCULAR_PLANT,BEL,253
VULNERABLE_IND,VASCULAR_PLANT,BEL,63
TOT_KNOWN,VASCULAR_PLANT,CAN,5185
TOT_KNOWN_IND,VASCULAR_PLANT,CAN,3870
ENDANGERED,VASCULAR_PLANT,CAN,325
VULNERABLE,VASCULAR_PLANT,CAN,467
THREATENED,VASCULAR_PLANT,CAN,1107
ENDANGERED_IND,VASCULAR_PLANT,CAN,325
VULNERABLE_IND,VASCULAR_PLANT,CAN,467
TOT_KNOWN,VASCULAR_PLANT,CZE,3557
TOT_KNOWN_IND,VASCULAR_PLANT,CZE,2256
ENDANGERED,VASCULAR_PLANT,CZE,412
CRITICAL,VASCULAR_PLANT,CZE,284
VULNERABLE,VASCULAR_PLANT,CZE,212
THREATENED,VASCULAR_PLANT,CZE,908
TOT_KNOWN,VASCULAR_PLANT,DNK,2909
TOT_KNOWN_IND,VASCULAR_PLANT,DNK,1200
ENDANGERED,VASCULAR_PLANT,DNK,36
CRITICAL,VASCULAR_PLANT,DNK,24
VULNERABLE,VASCULAR_PLANT,DNK,57
THREATENED,VASCULAR_PLANT,DNK,117
ENDANGERED_IND,VASCULAR_PLANT,DNK,36
CRITICAL_IND,VASCULAR_PLANT,DNK,24
VULNERABLE_IND,VASCULAR_PLANT,DNK,57
TOT_KNOWN,VASCULAR_PLANT,FIN,1240
TOT_KNOWN_IND,VASCULAR_PLANT,FIN,920
ENDANGERED,VASCULAR_PLANT,FIN,88
CRITICAL,VASCULAR_PLANT,FIN,31
VULNERABLE,VASCULAR_PLANT,FIN,78
THREATENED,VASCULAR_PLANT,FIN,197
ENDANGERED_IND,VASCULAR_PLANT,FIN,88
CRITICAL_IND,VASCULAR_PLANT,FIN,31
VULNERABLE_IND,VASCULAR_PLANT,FIN,78
TOT_KNOWN,VASCULAR_PLANT,FRA,1018
ENDANGERED,VASCULAR_PLANT,FRA,111
VULNERABLE,VASCULAR_PLANT,FRA,368
THREATENED,VASCULAR_PLANT,FRA,528
TOT_KNOWN,VASCULAR_PLANT,DEU,3272
TOT_KNOWN_IND,VASCULAR_PLANT,DEU,2954
ENDANGERED,VASCULAR_PLANT,DEU,273
CRITICAL,VASCULAR_PLANT,DEU,118
VULNERABLE,VASCULAR_PLANT,DEU,505
THREATENED,VASCULAR_PLANT,DEU,896
ENDANGERED_IND,VASCULAR_PLANT,DEU,273
CRITICAL_IND,VASCULAR_PLANT,DEU,118
VULNERABLE_IND,VASCULAR_PLANT,DEU,505
TOT_KNOWN,VASCULAR_PLANT,GRC,5850
TOT_KNOWN_IND,VASCULAR_PLANT,GRC,5700
ENDANGERED,VASCULAR_PLANT,GRC,64
CRITICAL,VASCULAR_PLANT,GRC,17
VULNERABLE,VASCULAR_PLANT,GRC,174
THREATENED,VASCULAR_PLANT,GRC,255
TOT_KNOWN,VASCULAR_PLANT,HUN,2721
TOT_KNOWN_IND,VASCULAR_PLANT,HUN,2433
ENDANGERED,VASCULAR_PLANT,HUN,162
VULNERABLE,VASCULAR_PLANT,HUN,105
THREATENED,VASCULAR_PLANT,HUN,382
ENDANGERED_IND,VASCULAR_PLANT,HUN,162
VULNERABLE_IND,VASCULAR_PLANT,HUN,105
TOT_KNOWN,VASCULAR_PLANT,ISL,438
THREATENED,VASCULAR_PLANT,ISL,52
TOT_KNOWN,VASCULAR_PLANT,IRL,1050
TOT_KNOWN_IND,VASCULAR_PLANT,IRL,1050
ENDANGERED,VASCULAR_PLANT,IRL,25
CRITICAL,VASCULAR_PLANT,IRL,20
VULNERABLE,VASCULAR_PLANT,IRL,56
THREATENED,VASCULAR_PLANT,IRL,101
ENDANGERED_IND,VASCULAR_PLANT,IRL,25
CRITICAL_IND,VASCULAR_PLANT,IRL,20
VULNERABLE_IND,VASCULAR_PLANT,IRL,56
TOT_KNOWN,VASCULAR_PLANT,ITA,8195
ENDANGERED,VASCULAR_PLANT,ITA,149
CRITICAL,VASCULAR_PLANT,ITA,128
VULNERABLE,VASCULAR_PLANT,ITA,276
THREATENED,VASCULAR_PLANT,ITA,553
TOT_KNOWN,VASCULAR_PLANT,JPN,7000
ENDANGERED,VASCULAR_PLANT,JPN,520
CRITICAL,VASCULAR_PLANT,JPN,525
VULNERABLE,VASCULAR_PLANT,JPN,741
THREATENED,VASCULAR_PLANT,JPN,1786
TOT_KNOWN,VASCULAR_PLANT,KOR,4518
ENDANGERED,VASCULAR_PLANT,KOR,86
CRITICAL,VASCULAR_PLANT,KOR,28
VULNERABLE,VASCULAR_PLANT,KOR,110
THREATENED,VASCULAR_PLANT,KOR,224
TOT_KNOWN,VASCULAR_PLANT,LUX,1323
TOT_KNOWN_IND,VASCULAR_PLANT,LUX,1205
ENDANGERED,VASCULAR_PLANT,LUX,124
CRITICAL,VASCULAR_PLANT,LUX,121
VULNERABLE,VASCULAR_PLANT,LUX,109
THREATENED,VASCULAR_PLANT,LUX,354
ENDANGERED_IND,VASCULAR_PLANT,LUX,124
CRITICAL_IND,VASCULAR_PLANT,LUX,121
VULNERABLE_IND,VASCULAR_PLANT,LUX,109
TOT_KNOWN,VASCULAR_PLANT,MEX,23296
TOT_KNOWN_IND,VASCULAR_PLANT,MEX,11551
ENDANGERED,VASCULAR_PLANT,MEX,175
CRITICAL,VASCULAR_PLANT,MEX,6
VULNERABLE,VASCULAR_PLANT,MEX,329
THREATENED,VASCULAR_PLANT,MEX,510
ENDANGERED_IND,VASCULAR_PLANT,MEX,105
CRITICAL_IND,VASCULAR_PLANT,MEX,5
VULNERABLE_IND,VASCULAR_PLANT,MEX,165
TOT_KNOWN,VASCULAR_PLANT,NLD,1395
ENDANGERED,VASCULAR_PLANT,NLD,117
CRITICAL,VASCULAR_PLANT,NLD,71
VULNERABLE,VASCULAR_PLANT,NLD,168
THREATENED,VASCULAR_PLANT,NLD,356
TOT_KNOWN,VASCULAR_PLANT,NZL,5038
TOT_KNOWN_IND,VASCULAR_PLANT,NZL,2485
ENDANGERED_IND,VASCULAR_PLANT,NZL,64
CRITICAL_IND,VASCULAR_PLANT,NZL,163
VULNERABLE_IND,VASCULAR_PLANT,NZL,101
TOT_KNOWN,VASCULAR_PLANT,NOR,3243
TOT_KNOWN_IND,VASCULAR_PLANT,NOR,1357
ENDANGERED,VASCULAR_PLANT,NOR,100
CRITICAL,VASCULAR_PLANT,NOR,35
VULNERABLE,VASCULAR_PLANT,NOR,111
THREATENED,VASCULAR_PLANT,NOR,246
ENDANGERED_IND,VASCULAR_PLANT,NOR,100
CRITICAL_IND,VASCULAR_PLANT,NOR,35
VULNERABLE_IND,VASCULAR_PLANT,NOR,111
TOT_KNOWN,VASCULAR_PLANT,POL,3087
TOT_KNOWN_IND,VASCULAR_PLANT,POL,2534
ENDANGERED,VASCULAR_PLANT,POL,139
CRITICAL,VASCULAR_PLANT,POL,123
VULNERABLE,VASCULAR_PLANT,POL,226
THREATENED,VASCULAR_PLANT,POL,488
ENDANGERED_IND,VASCULAR_PLANT,POL,123
CRITICAL_IND,VASCULAR_PLANT,POL,110
VULNERABLE_IND,VASCULAR_PLANT,POL,195
TOT_KNOWN,VASCULAR_PLANT,PRT,3607
TOT_KNOWN_IND,VASCULAR_PLANT,PRT,2927
TOT_KNOWN,VASCULAR_PLANT,SVK,3619
ENDANGERED,VASCULAR_PLANT,SVK,171
CRITICAL,VASCULAR_PLANT,SVK,155
VULNERABLE,VASCULAR_PLANT,SVK,201
THREATENED,VASCULAR_PLANT,SVK,527
TOT_KNOWN,VASCULAR_PLANT,ESP,7066
ENDANGERED,VASCULAR_PLANT,ESP,278
CRITICAL,VASCULAR_PLANT,ESP,271
VULNERABLE,VASCULAR_PLANT,ESP,714
THREATENED,VASCULAR_PLANT,ESP,1263
ENDANGERED_IND,VASCULAR_PLANT,ESP,278
CRITICAL_IND,VASCULAR_PLANT,ESP,271
VULNERABLE_IND,VASCULAR_PLANT,ESP,714
TOT_KNOWN,VASCULAR_PLANT,SWE,1561
TOT_KNOWN_IND,VASCULAR_PLANT,SWE,1561
ENDANGERED,VASCULAR_PLANT,SWE,114
CRITICAL,VASCULAR_PLANT,SWE,43
VULNERABLE,VASCULAR_PLANT,SWE,113
THREATENED,VASCULAR_PLANT,SWE,270
TOT_KNOWN,VASCULAR_PLANT,CHE,2613
TOT_KNOWN_IND,VASCULAR_PLANT,CHE,2613
ENDANGERED,VASCULAR_PLANT,CHE,197
CRITICAL,VASCULAR_PLANT,CHE,111
VULNERABLE,VASCULAR_PLANT,CHE,362
THREATENED,VASCULAR_PLANT,CHE,670
ENDANGERED_IND,VASCULAR_PLANT,CHE,197
CRITICAL_IND,VASCULAR_PLANT,CHE,111
VULNERABLE_IND,VASCULAR_PLANT,CHE,362
TOT_KNOWN,VASCULAR_PLANT,TUR,11707
THREATENED,VASCULAR_PLANT,TUR,1282
TOT_KNOWN,VASCULAR_PLANT,GBR,4562
ENDANGERED,VASCULAR_PLANT,GBR,240
CRITICAL,VASCULAR_PLANT,GBR,104
VULNERABLE,VASCULAR_PLANT,GBR,482
THREATENED,VASCULAR_PLANT,GBR,826
ENDANGERED_IND,VASCULAR_PLANT,GBR,240
CRITICAL_IND,VASCULAR_PLANT,GBR,104
VULNERABLE_IND,VASCULAR_PLANT,GBR,482
TOT_KNOWN,VASCULAR_PLANT,USA,19569
TOT_KNOWN_IND,VASCULAR_PLANT,USA,16279
ENDANGERED,VASCULAR_PLANT,USA,1462
CRITICAL,VASCULAR_PLANT,USA,1222
VULNERABLE,VASCULAR_PLANT,USA,2691
THREATENED,VASCULAR_PLANT,USA,5375
ENDANGERED_IND,VASCULAR_PLANT,USA,1461
CRITICAL_IND,VASCULAR_PLANT,USA,1221
VULNERABLE_IND,VASCULAR_PLANT,USA,2684
ENDANGERED,VASCULAR_PLANT,CHL,195
VULNERABLE,VASCULAR_PLANT,CHL,152
THREATENED,VASCULAR_PLANT,CHL,418
ENDANGERED_IND,VASCULAR_PLANT,CHL,195
VULNERABLE_IND,VASCULAR_PLANT,CHL,152
TOT_KNOWN,VASCULAR_PLANT,EST,1928
TOT_KNOWN_IND,VASCULAR_PLANT,EST,1335
ENDANGERED,VASCULAR_PLANT,EST,59
CRITICAL,VASCULAR_PLANT,EST,31
VULNERABLE,VASCULAR_PLANT,EST,91
THREATENED,VASCULAR_PLANT,EST,181
ENDANGERED_IND,VASCULAR_PLANT,EST,57
CRITICAL_IND,VASCULAR_PLANT,EST,31
VULNERABLE_IND,VASCULAR_PLANT,EST,90
TOT_KNOWN_IND,VASCULAR_PLANT,ISR,2288
ENDANGERED_IND,VASCULAR_PLANT,ISR,117
CRITICAL_IND,VASCULAR_PLANT,ISR,62
VULNERABLE_IND,VASCULAR_PLANT,ISR,198
TOT_KNOWN,VASCULAR_PLANT,RUS,11400
THREATENED,VASCULAR_PLANT,RUS,201
TOT_KNOWN,VASCULAR_PLANT,SVN,3452
TOT_KNOWN_IND,VASCULAR_PLANT,SVN,3119
ENDANGERED,VASCULAR_PLANT,SVN,80
VULNERABLE,VASCULAR_PLANT,SVN,254
THREATENED,VASCULAR_PLANT,SVN,334
ENDANGERED_IND,VASCULAR_PLANT,SVN,80
VULNERABLE_IND,VASCULAR_PLANT,SVN,254
TOT_KNOWN,FISH_TOT,AUS,5203
ENDANGERED,FISH_TOT,AUS,16
ENDANGERED,MARINE_F,AUS,2
ENDANGERED,FRESHW_F,AUS,14
CRITICAL,FISH_TOT,AUS,8
CRITICAL,MARINE_F,AUS,3
CRITICAL,FRESHW_F,AUS,5
VULNERABLE,FISH_TOT,AUS,24
VULNERABLE,MARINE_F,AUS,8
VULNERABLE,FRESHW_F,AUS,16
THREATENED,FISH_TOT,AUS,48
THREATENED,MARINE_F,AUS,13
THREATENED,FRESHW_F,AUS,35
THREAT_PERCENT,MAMMAL,AUS,27.114
THREAT_PERCENT,BIRD,AUS,16.835
THREAT_PERCENT,REPTILE,AUS,5.951
THREAT_PERCENT,AMPHIBIAN,AUS,11.983
THREAT_PERCENT,VASCULAR_PLANT,AUS,6.58
THREAT_PERCENT,FISH_TOT,AUS,0.923
TOT_KNOWN,FISH_TOT,AUT,84
TOT_KNOWN,FRESHW_F,AUT,84
TOT_KNOWN_IND,FISH_TOT,AUT,84
TOT_KNOWN_IND,FRESHW_F,AUT,84
ENDANGERED,FISH_TOT,AUT,18
ENDANGERED,FRESHW_F,AUT,18
CRITICAL,FISH_TOT,AUT,6
CRITICAL,FRESHW_F,AUT,6
VULNERABLE,FISH_TOT,AUT,15
VULNERABLE,FRESHW_F,AUT,15
THREATENED,FISH_TOT,AUT,39
THREATENED,FRESHW_F,AUT,39
ENDANGERED_IND,FISH_TOT,AUT,18
ENDANGERED_IND,FRESHW_F,AUT,18
CRITICAL_IND,FISH_TOT,AUT,6
CRITICAL_IND,FRESHW_F,AUT,6
VULNERABLE_IND,FISH_TOT,AUT,15
VULNERABLE_IND,FRESHW_F,AUT,15
THREATENED_IND,MAMMAL,AUT,27
THREATENED_IND,BIRD,AUT,66
THREATENED_IND,REPTILE,AUT,9
THREATENED_IND,AMPHIBIAN,AUT,12
THREATENED_IND,VASCULAR_PLANT,AUT,985
THREATENED_IND,FISH_TOT,AUT,39
THREATENED_IND,FRESHW_F,AUT,39
THREAT_PERCENT,MAMMAL,AUT,26.733
THREAT_PERCENT,BIRD,AUT,27.273
THREAT_PERCENT,REPTILE,AUT,64.286
THREAT_PERCENT,AMPHIBIAN,AUT,60
THREAT_PERCENT,VASCULAR_PLANT,AUT,33.39
THREAT_PERCENT,FISH_TOT,AUT,46.429
THREAT_PERCENT,FRESHW_F,AUT,46.429
IND_PERCENT,MAMMAL,AUT,26.733
IND_PERCENT,BIRD,AUT,27.273
IND_PERCENT,REPTILE,AUT,64.286
IND_PERCENT,AMPHIBIAN,AUT,60
IND_PERCENT,VASCULAR_PLANT,AUT,33.39
IND_PERCENT,FISH_TOT,AUT,46.429
IND_PERCENT,FRESHW_F,AUT,46.429
TOT_KNOWN,FISH_TOT,BEL,142
TOT_KNOWN,MARINE_F,BEL,99
TOT_KNOWN,FRESHW_F,BEL,43
TOT_KNOWN_IND,FISH_TOT,BEL,123
TOT_KNOWN_IND,MARINE_F,BEL,99
TOT_KNOWN_IND,FRESHW_F,BEL,24
ENDANGERED,FISH_TOT,BEL,4
ENDANGERED,MARINE_F,BEL,3
ENDANGERED,FRESHW_F,BEL,1
CRITICAL,FISH_TOT,BEL,3
CRITICAL,MARINE_F,BEL,2
CRITICAL,FRESHW_F,BEL,1
VULNERABLE,FISH_TOT,BEL,22
VULNERABLE,MARINE_F,BEL,9
VULNERABLE,FRESHW_F,BEL,13
THREATENED,FISH_TOT,BEL,29
THREATENED,MARINE_F,BEL,14
THREATENED,FRESHW_F,BEL,15
ENDANGERED_IND,FISH_TOT,BEL,4
ENDANGERED_IND,MARINE_F,BEL,3
ENDANGERED_IND,FRESHW_F,BEL,1
CRITICAL_IND,FISH_TOT,BEL,3
CRITICAL_IND,MARINE_F,BEL,2
CRITICAL_IND,FRESHW_F,BEL,1
VULNERABLE_IND,FISH_TOT,BEL,22
VULNERABLE_IND,MARINE_F,BEL,9
VULNERABLE_IND,FRESHW_F,BEL,13
THREATENED_IND,MAMMAL,BEL,18
THREATENED_IND,BIRD,BEL,55
THREATENED_IND,REPTILE,BEL,4
THREATENED_IND,AMPHIBIAN,BEL,6
THREATENED_IND,VASCULAR_PLANT,BEL,423
THREATENED_IND,FISH_TOT,BEL,29
THREATENED_IND,MARINE_F,BEL,14
THREATENED_IND,FRESHW_F,BEL,15
THREAT_PERCENT,MAMMAL,BEL,21.429
THREAT_PERCENT,BIRD,BEL,27.778
THREAT_PERCENT,REPTILE,BEL,40
THREAT_PERCENT,AMPHIBIAN,BEL,31.579
THREAT_PERCENT,VASCULAR_PLANT,BEL,23.267
THREAT_PERCENT,FISH_TOT,BEL,20.423
THREAT_PERCENT,MARINE_F,BEL,14.141
THREAT_PERCENT,FRESHW_F,BEL,34.884
IND_PERCENT,MAMMAL,BEL,27.692
IND_PERCENT,BIRD,BEL,30.899
IND_PERCENT,REPTILE,BEL,57.143
IND_PERCENT,AMPHIBIAN,BEL,37.5
IND_PERCENT,VASCULAR_PLANT,BEL,29.416
IND_PERCENT,FISH_TOT,BEL,23.577
IND_PERCENT,MARINE_F,BEL,14.141
IND_PERCENT,FRESHW_F,BEL,62.5
TOT_KNOWN,FISH_TOT,CAN,1376
TOT_KNOWN,MARINE_F,CAN,1211
TOT_KNOWN,FRESHW_F,CAN,165
TOT_KNOWN_IND,FISH_TOT,CAN,1361
TOT_KNOWN_IND,MARINE_F,CAN,1211
TOT_KNOWN_IND,FRESHW_F,CAN,150
ENDANGERED,FISH_TOT,CAN,25
ENDANGERED,MARINE_F,CAN,11
ENDANGERED,FRESHW_F,CAN,14
CRITICAL,MAMMAL,CAN,11
CRITICAL,BIRD,CAN,26
CRITICAL,REPTILE,CAN,5
CRITICAL,AMPHIBIAN,CAN,2
CRITICAL,VASCULAR_PLANT,CAN,315
CRITICAL,FISH_TOT,CAN,9
CRITICAL,MARINE_F,CAN,3
CRITICAL,FRESHW_F,CAN,6
VULNERABLE,FISH_TOT,CAN,54
VULNERABLE,MARINE_F,CAN,38
VULNERABLE,FRESHW_F,CAN,16
THREATENED,FISH_TOT,CAN,88
THREATENED,MARINE_F,CAN,52
THREATENED,FRESHW_F,CAN,36
ENDANGERED_IND,FISH_TOT,CAN,25
ENDANGERED_IND,MARINE_F,CAN,11
ENDANGERED_IND,FRESHW_F,CAN,14
CRITICAL_IND,MAMMAL,CAN,11
CRITICAL_IND,BIRD,CAN,26
CRITICAL_IND,REPTILE,CAN,5
CRITICAL_IND,AMPHIBIAN,CAN,2
CRITICAL_IND,VASCULAR_PLANT,CAN,315
CRITICAL_IND,FISH_TOT,CAN,9
CRITICAL_IND,MARINE_F,CAN,3
CRITICAL_IND,FRESHW_F,CAN,6
VULNERABLE_IND,FISH_TOT,CAN,54
VULNERABLE_IND,MARINE_F,CAN,38
VULNERABLE_IND,FRESHW_F,CAN,16
THREATENED_IND,MAMMAL,CAN,52
THREATENED_IND,BIRD,CAN,88
THREATENED_IND,REPTILE,CAN,26
THREATENED_IND,AMPHIBIAN,CAN,16
THREATENED_IND,VASCULAR_PLANT,CAN,1107
THREATENED_IND,FISH_TOT,CAN,88
THREATENED_IND,MARINE_F,CAN,52
THREATENED_IND,FRESHW_F,CAN,36
THREAT_PERCENT,MAMMAL,CAN,23.529
THREAT_PERCENT,BIRD,CAN,13.056
THREAT_PERCENT,REPTILE,CAN,57.778
THREAT_PERCENT,AMPHIBIAN,CAN,34.043
THREAT_PERCENT,VASCULAR_PLANT,CAN,21.35
THREAT_PERCENT,FISH_TOT,CAN,6.395
THREAT_PERCENT,MARINE_F,CAN,4.294
THREAT_PERCENT,FRESHW_F,CAN,21.818
IND_PERCENT,MAMMAL,CAN,24.88
IND_PERCENT,BIRD,CAN,13.253
IND_PERCENT,REPTILE,CAN,60.465
IND_PERCENT,AMPHIBIAN,CAN,34.043
IND_PERCENT,VASCULAR_PLANT,CAN,28.605
IND_PERCENT,FISH_TOT,CAN,6.466
IND_PERCENT,MARINE_F,CAN,4.294
IND_PERCENT,FRESHW_F,CAN,24
TOT_KNOWN,FISH_TOT,CZE,65
TOT_KNOWN,FRESHW_F,CZE,65
TOT_KNOWN_IND,FISH_TOT,CZE,52
TOT_KNOWN_IND,FRESHW_F,CZE,52
ENDANGERED,FISH_TOT,CZE,2
ENDANGERED,FRESHW_F,CZE,2
CRITICAL,FISH_TOT,CZE,15
CRITICAL,FRESHW_F,CZE,15
VULNERABLE,FISH_TOT,CZE,8
VULNERABLE,FRESHW_F,CZE,8
THREATENED,FISH_TOT,CZE,25
THREATENED,FRESHW_F,CZE,25
THREAT_PERCENT,MAMMAL,CZE,16.484
THREAT_PERCENT,BIRD,CZE,47.143
THREAT_PERCENT,REPTILE,CZE,53.846
THREAT_PERCENT,AMPHIBIAN,CZE,72.727
THREAT_PERCENT,VASCULAR_PLANT,CZE,25.527
THREAT_PERCENT,FISH_TOT,CZE,38.462
THREAT_PERCENT,FRESHW_F,CZE,38.462
TOT_KNOWN,FRESHW_F,DNK,55
TOT_KNOWN_IND,FRESHW_F,DNK,36
CRITICAL,FRESHW_F,DNK,2
VULNERABLE,FRESHW_F,DNK,6
THREATENED,FRESHW_F,DNK,8
CRITICAL_IND,FRESHW_F,DNK,2
VULNERABLE_IND,FRESHW_F,DNK,6
THREATENED_IND,MAMMAL,DNK,11
THREATENED_IND,BIRD,DNK,34
THREATENED_IND,AMPHIBIAN,DNK,1
THREATENED_IND,VASCULAR_PLANT,DNK,117
THREATENED_IND,FRESHW_F,DNK,8
THREAT_PERCENT,MAMMAL,DNK,16.418
THREAT_PERCENT,BIRD,DNK,16.268
THREAT_PERCENT,AMPHIBIAN,DNK,6.667
THREAT_PERCENT,VASCULAR_PLANT,DNK,4.022
THREAT_PERCENT,FRESHW_F,DNK,14.545
IND_PERCENT,MAMMAL,DNK,18.966
IND_PERCENT,BIRD,DNK,16.268
IND_PERCENT,AMPHIBIAN,DNK,6.667
IND_PERCENT,VASCULAR_PLANT,DNK,9.75
IND_PERCENT,FRESHW_F,DNK,22.222
TOT_KNOWN,FRESHW_F,FIN,69
TOT_KNOWN_IND,FRESHW_F,FIN,69
ENDANGERED,FRESHW_F,FIN,3
CRITICAL,FRESHW_F,FIN,4
VULNERABLE,FRESHW_F,FIN,5
THREATENED,FRESHW_F,FIN,12
ENDANGERED_IND,FRESHW_F,FIN,3
CRITICAL_IND,FRESHW_F,FIN,4
VULNERABLE_IND,FRESHW_F,FIN,5
THREATENED_IND,MAMMAL,FIN,7
THREATENED_IND,BIRD,FIN,87
THREATENED_IND,REPTILE,FIN,1
THREATENED_IND,AMPHIBIAN,FIN,1
THREATENED_IND,VASCULAR_PLANT,FIN,197
THREATENED_IND,FRESHW_F,FIN,12
THREAT_PERCENT,MAMMAL,FIN,9.333
THREAT_PERCENT,BIRD,FIN,35.081
THREAT_PERCENT,REPTILE,FIN,20
THREAT_PERCENT,AMPHIBIAN,FIN,14.286
THREAT_PERCENT,VASCULAR_PLANT,FIN,15.887
THREAT_PERCENT,FRESHW_F,FIN,17.391
IND_PERCENT,MAMMAL,FIN,10.448
IND_PERCENT,BIRD,FIN,35.51
IND_PERCENT,REPTILE,FIN,20
IND_PERCENT,AMPHIBIAN,FIN,14.286
IND_PERCENT,VASCULAR_PLANT,FIN,21.413
IND_PERCENT,FRESHW_F,FIN,17.391
TOT_KNOWN,FRESHW_F,FRA,69
ENDANGERED,FRESHW_F,FRA,2
CRITICAL,FRESHW_F,FRA,4
VULNERABLE,FRESHW_F,FRA,9
THREATENED,FRESHW_F,FRA,15
CRITICAL_IND,BIRD,FRA,16
THREATENED_IND,BIRD,FRA,92
THREAT_PERCENT,MAMMAL,FRA,13.6
THREAT_PERCENT,BIRD,FRA,27.366
THREAT_PERCENT,REPTILE,FRA,23.684
THREAT_PERCENT,AMPHIBIAN,FRA,22.857
THREAT_PERCENT,FRESHW_F,FRA,21.739
IND_PERCENT,BIRD,FRA,32.394
TOT_KNOWN,FRESHW_F,DEU,93
TOT_KNOWN_IND,FRESHW_F,DEU,79
ENDANGERED,FRESHW_F,DEU,9
CRITICAL,FRESHW_F,DEU,8
VULNERABLE,FRESHW_F,DEU,11
THREATENED,FRESHW_F,DEU,28
ENDANGERED_IND,FRESHW_F,DEU,9
CRITICAL_IND,FRESHW_F,DEU,8
VULNERABLE_IND,FRESHW_F,DEU,11
THREATENED_IND,MAMMAL,DEU,32
THREATENED_IND,BIRD,DEU,94
THREATENED_IND,REPTILE,DEU,8
THREATENED_IND,AMPHIBIAN,DEU,8
THREATENED_IND,VASCULAR_PLANT,DEU,896
THREATENED_IND,FRESHW_F,DEU,28
THREAT_PERCENT,MAMMAL,DEU,34.409
THREAT_PERCENT,BIRD,DEU,35.606
THREAT_PERCENT,REPTILE,DEU,61.538
THREAT_PERCENT,AMPHIBIAN,DEU,36.364
THREAT_PERCENT,VASCULAR_PLANT,DEU,27.384
THREAT_PERCENT,FRESHW_F,DEU,30.108
IND_PERCENT,MAMMAL,DEU,37.647
IND_PERCENT,BIRD,DEU,38.525
IND_PERCENT,REPTILE,DEU,61.538
IND_PERCENT,AMPHIBIAN,DEU,40
IND_PERCENT,VASCULAR_PLANT,DEU,30.332
IND_PERCENT,FRESHW_F,DEU,35.443
TOT_KNOWN,FISH_TOT,GRC,665
TOT_KNOWN,MARINE_F,GRC,511
TOT_KNOWN,FRESHW_F,GRC,154
TOT_KNOWN_IND,FISH_TOT,GRC,601
TOT_KNOWN_IND,MARINE_F,GRC,469
TOT_KNOWN_IND,FRESHW_F,GRC,125
ENDANGERED,FISH_TOT,GRC,16
ENDANGERED,MARINE_F,GRC,4
ENDANGERED,FRESHW_F,GRC,12
CRITICAL,FISH_TOT,GRC,19
CRITICAL,MARINE_F,GRC,5
CRITICAL,FRESHW_F,GRC,14
VULNERABLE,FISH_TOT,GRC,28
VULNERABLE,MARINE_F,GRC,5
VULNERABLE,FRESHW_F,GRC,23
THREATENED,FISH_TOT,GRC,63
THREATENED,MARINE_F,GRC,14
THREATENED,FRESHW_F,GRC,49
ENDANGERED_IND,FISH_TOT,GRC,16
ENDANGERED_IND,MARINE_F,GRC,4
ENDANGERED_IND,FRESHW_F,GRC,12
CRITICAL_IND,FISH_TOT,GRC,19
CRITICAL_IND,MARINE_F,GRC,5
CRITICAL_IND,FRESHW_F,GRC,14
VULNERABLE_IND,FISH_TOT,GRC,28
VULNERABLE_IND,MARINE_F,GRC,5
VULNERABLE_IND,FRESHW_F,GRC,23
THREATENED_IND,MAMMAL,GRC,29
THREATENED_IND,BIRD,GRC,62
THREATENED_IND,REPTILE,GRC,9
THREATENED_IND,AMPHIBIAN,GRC,6
THREATENED_IND,FISH_TOT,GRC,63
THREATENED_IND,MARINE_F,GRC,14
THREATENED_IND,FRESHW_F,GRC,49
THREAT_PERCENT,MAMMAL,GRC,25.217
THREAT_PERCENT,BIRD,GRC,14.091
THREAT_PERCENT,REPTILE,GRC,13.636
THREAT_PERCENT,AMPHIBIAN,GRC,26.087
THREAT_PERCENT,VASCULAR_PLANT,GRC,4.359
THREAT_PERCENT,FISH_TOT,GRC,9.474
THREAT_PERCENT,MARINE_F,GRC,2.74
THREAT_PERCENT,FRESHW_F,GRC,31.818
IND_PERCENT,MAMMAL,GRC,25.664
IND_PERCENT,BIRD,GRC,17.664
IND_PERCENT,REPTILE,GRC,14.063
IND_PERCENT,AMPHIBIAN,GRC,27.273
IND_PERCENT,FISH_TOT,GRC,10.483
IND_PERCENT,MARINE_F,GRC,2.985
IND_PERCENT,FRESHW_F,GRC,39.2
TOT_KNOWN,FISH_TOT,HUN,81
TOT_KNOWN,FRESHW_F,HUN,81
TOT_KNOWN_IND,FISH_TOT,HUN,52
TOT_KNOWN_IND,FRESHW_F,HUN,52
THREATENED,FISH_TOT,HUN,35
THREATENED,FRESHW_F,HUN,35
THREATENED_IND,MAMMAL,HUN,14
THREATENED_IND,BIRD,HUN,78
THREATENED_IND,REPTILE,HUN,4
THREATENED_IND,AMPHIBIAN,HUN,2
THREATENED_IND,VASCULAR_PLANT,HUN,382
THREAT_PERCENT,MAMMAL,HUN,16.092
THREAT_PERCENT,BIRD,HUN,17.931
THREAT_PERCENT,REPTILE,HUN,26.667
THREAT_PERCENT,AMPHIBIAN,HUN,11.111
THREAT_PERCENT,VASCULAR_PLANT,HUN,14.039
THREAT_PERCENT,FISH_TOT,HUN,43.21
THREAT_PERCENT,FRESHW_F,HUN,43.21
IND_PERCENT,MAMMAL,HUN,18.421
IND_PERCENT,BIRD,HUN,18.571
IND_PERCENT,REPTILE,HUN,26.667
IND_PERCENT,AMPHIBIAN,HUN,11.111
IND_PERCENT,VASCULAR_PLANT,HUN,15.701
TOT_KNOWN,FRESHW_F,ISL,5
THREAT_PERCENT,BIRD,ISL,44
THREAT_PERCENT,VASCULAR_PLANT,ISL,11.872
TOT_KNOWN,FISH_TOT,IRL,404
TOT_KNOWN,MARINE_F,IRL,376
TOT_KNOWN,FRESHW_F,IRL,28
TOT_KNOWN_IND,FISH_TOT,IRL,391
TOT_KNOWN_IND,MARINE_F,IRL,376
TOT_KNOWN_IND,FRESHW_F,IRL,15
CRITICAL,FRESHW_F,IRL,1
VULNERABLE,FRESHW_F,IRL,4
THREATENED,FRESHW_F,IRL,5
CRITICAL_IND,FRESHW_F,IRL,1
VULNERABLE_IND,FRESHW_F,IRL,4
THREATENED_IND,REPTILE,IRL,0
THREATENED_IND,AMPHIBIAN,IRL,1
THREATENED_IND,VASCULAR_PLANT,IRL,101
THREATENED_IND,FRESHW_F,IRL,5
THREAT_PERCENT,MAMMAL,IRL,1.754
THREAT_PERCENT,BIRD,IRL,26.569
THREAT_PERCENT,REPTILE,IRL,0
THREAT_PERCENT,AMPHIBIAN,IRL,33.333
THREAT_PERCENT,VASCULAR_PLANT,IRL,9.619
THREAT_PERCENT,FRESHW_F,IRL,17.857
IND_PERCENT,REPTILE,IRL,0
IND_PERCENT,AMPHIBIAN,IRL,33.333
IND_PERCENT,VASCULAR_PLANT,IRL,9.619
IND_PERCENT,FRESHW_F,IRL,33.333
TOT_KNOWN,FISH_TOT,ITA,641
TOT_KNOWN,MARINE_F,ITA,544
TOT_KNOWN,FRESHW_F,ITA,97
ENDANGERED,FRESHW_F,ITA,6
CRITICAL,FRESHW_F,ITA,11
VULNERABLE,FRESHW_F,ITA,8
THREATENED,FRESHW_F,ITA,25
THREAT_PERCENT,MAMMAL,ITA,18.254
THREAT_PERCENT,BIRD,ITA,27.715
THREAT_PERCENT,REPTILE,ITA,19.643
THREAT_PERCENT,AMPHIBIAN,ITA,31.818
THREAT_PERCENT,VASCULAR_PLANT,ITA,6.748
THREAT_PERCENT,FRESHW_F,ITA,25.773
TOT_KNOWN,FRESHW_F,JPN,400
ENDANGERED,FRESHW_F,JPN,54
CRITICAL,FRESHW_F,JPN,71
VULNERABLE,FRESHW_F,JPN,44
THREATENED,FRESHW_F,JPN,169
THREAT_PERCENT,MAMMAL,JPN,20.625
THREAT_PERCENT,BIRD,JPN,13.857
THREAT_PERCENT,REPTILE,JPN,37
THREAT_PERCENT,AMPHIBIAN,JPN,37.662
THREAT_PERCENT,VASCULAR_PLANT,JPN,25.514
THREAT_PERCENT,FRESHW_F,JPN,42.25
TOT_KNOWN,FISH_TOT,KOR,1280
ENDANGERED,FISH_TOT,KOR,13
ENDANGERED,FRESHW_F,KOR,13
CRITICAL,FISH_TOT,KOR,4
CRITICAL,FRESHW_F,KOR,4
VULNERABLE,FISH_TOT,KOR,9
VULNERABLE,FRESHW_F,KOR,9
THREATENED,FISH_TOT,KOR,26
THREATENED,FRESHW_F,KOR,26
THREAT_PERCENT,MAMMAL,KOR,11.2
THREAT_PERCENT,BIRD,KOR,10.436
THREAT_PERCENT,REPTILE,KOR,15.625
THREAT_PERCENT,AMPHIBIAN,KOR,25
THREAT_PERCENT,VASCULAR_PLANT,KOR,4.958
THREAT_PERCENT,FISH_TOT,KOR,2.031
TOT_KNOWN,FISH_TOT,LUX,43
TOT_KNOWN,FRESHW_F,LUX,43
TOT_KNOWN_IND,FISH_TOT,LUX,27
TOT_KNOWN_IND,FRESHW_F,LUX,27
ENDANGERED,FISH_TOT,LUX,1
ENDANGERED,FRESHW_F,LUX,1
CRITICAL,FISH_TOT,LUX,3
CRITICAL,FRESHW_F,LUX,3
VULNERABLE,FISH_TOT,LUX,8
VULNERABLE,FRESHW_F,LUX,8
THREATENED,FISH_TOT,LUX,12
THREATENED,FRESHW_F,LUX,12
ENDANGERED_IND,FISH_TOT,LUX,1
ENDANGERED_IND,FRESHW_F,LUX,1
CRITICAL_IND,FISH_TOT,LUX,3
CRITICAL_IND,FRESHW_F,LUX,3
VULNERABLE_IND,FISH_TOT,LUX,8
VULNERABLE_IND,FRESHW_F,LUX,8
THREATENED_IND,VASCULAR_PLANT,LUX,354
THREATENED_IND,FISH_TOT,LUX,12
THREATENED_IND,FRESHW_F,LUX,12
THREAT_PERCENT,BIRD,LUX,19.084
THREAT_PERCENT,REPTILE,LUX,33.333
THREAT_PERCENT,AMPHIBIAN,LUX,28.571
THREAT_PERCENT,VASCULAR_PLANT,LUX,26.757
THREAT_PERCENT,FISH_TOT,LUX,27.907
THREAT_PERCENT,FRESHW_F,LUX,27.907
IND_PERCENT,VASCULAR_PLANT,LUX,29.378
IND_PERCENT,FISH_TOT,LUX,44.444
IND_PERCENT,FRESHW_F,LUX,44.444
TOT_KNOWN,FISH_TOT,MEX,2763
ENDANGERED,FISH_TOT,MEX,81
CRITICAL,FISH_TOT,MEX,13
VULNERABLE,FISH_TOT,MEX,80
THREATENED,FISH_TOT,MEX,174
ENDANGERED_IND,FISH_TOT,MEX,74
CRITICAL_IND,FISH_TOT,MEX,8
VULNERABLE_IND,FISH_TOT,MEX,62
THREATENED_IND,MAMMAL,MEX,84
THREATENED_IND,BIRD,MEX,82
THREATENED_IND,REPTILE,MEX,109
THREATENED_IND,AMPHIBIAN,MEX,43
THREATENED_IND,VASCULAR_PLANT,MEX,275
THREATENED_IND,FISH_TOT,MEX,144
THREAT_PERCENT,MAMMAL,MEX,26.773
THREAT_PERCENT,BIRD,MEX,20.748
THREAT_PERCENT,REPTILE,MEX,18.172
THREAT_PERCENT,AMPHIBIAN,MEX,12.782
THREAT_PERCENT,VASCULAR_PLANT,MEX,2.189
THREAT_PERCENT,FISH_TOT,MEX,6.298
IND_PERCENT,MAMMAL,MEX,51.852
IND_PERCENT,BIRD,MEX,42.268
IND_PERCENT,REPTILE,MEX,21.415
IND_PERCENT,AMPHIBIAN,MEX,16.667
IND_PERCENT,VASCULAR_PLANT,MEX,2.381
TOT_KNOWN,FISH_TOT,NLD,97
TOT_KNOWN,MARINE_F,NLD,57
TOT_KNOWN,FRESHW_F,NLD,40
TOT_KNOWN_IND,AMPHIBIAN,NLD,16
TOT_KNOWN_IND,FISH_TOT,NLD,97
TOT_KNOWN_IND,MARINE_F,NLD,57
TOT_KNOWN_IND,FRESHW_F,NLD,40
ENDANGERED,FISH_TOT,NLD,5
ENDANGERED,MARINE_F,NLD,3
ENDANGERED,FRESHW_F,NLD,2
CRITICAL,FISH_TOT,NLD,4
CRITICAL,MARINE_F,NLD,3
CRITICAL,FRESHW_F,NLD,1
VULNERABLE,FISH_TOT,NLD,14
VULNERABLE,MARINE_F,NLD,4
VULNERABLE,FRESHW_F,NLD,10
THREATENED,FISH_TOT,NLD,23
THREATENED,MARINE_F,NLD,10
THREATENED,FRESHW_F,NLD,13
ENDANGERED_IND,FISH_TOT,NLD,5
ENDANGERED_IND,MARINE_F,NLD,3
ENDANGERED_IND,FRESHW_F,NLD,2
CRITICAL_IND,AMPHIBIAN,NLD,2
CRITICAL_IND,FISH_TOT,NLD,4
CRITICAL_IND,MARINE_F,NLD,3
CRITICAL_IND,FRESHW_F,NLD,1
VULNERABLE_IND,FISH_TOT,NLD,14
VULNERABLE_IND,MARINE_F,NLD,4
VULNERABLE_IND,FRESHW_F,NLD,10
THREATENED_IND,FISH_TOT,NLD,23
THREATENED_IND,MARINE_F,NLD,10
THREATENED_IND,FRESHW_F,NLD,13
THREAT_PERCENT,MAMMAL,NLD,20.755
THREAT_PERCENT,BIRD,NLD,23.81
THREAT_PERCENT,REPTILE,NLD,71.429
THREAT_PERCENT,AMPHIBIAN,NLD,43.75
THREAT_PERCENT,VASCULAR_PLANT,NLD,25.52
THREAT_PERCENT,FISH_TOT,NLD,23.711
THREAT_PERCENT,MARINE_F,NLD,17.544
THREAT_PERCENT,FRESHW_F,NLD,32.5
IND_PERCENT,FISH_TOT,NLD,23.711
IND_PERCENT,MARINE_F,NLD,17.544
IND_PERCENT,FRESHW_F,NLD,32.5
TOT_KNOWN,FRESHW_F,NZL,75
TOT_KNOWN_IND,FRESHW_F,NZL,54
ENDANGERED_IND,FRESHW_F,NZL,6
CRITICAL_IND,FRESHW_F,NZL,4
VULNERABLE_IND,FRESHW_F,NZL,12
THREATENED_IND,MAMMAL,NZL,10
THREATENED_IND,BIRD,NZL,65
THREATENED_IND,REPTILE,NZL,37
THREATENED_IND,AMPHIBIAN,NZL,1
THREATENED_IND,VASCULAR_PLANT,NZL,328
THREATENED_IND,FRESHW_F,NZL,22
IND_PERCENT,MAMMAL,NZL,27.027
IND_PERCENT,BIRD,NZL,29.954
IND_PERCENT,REPTILE,NZL,34.906
IND_PERCENT,AMPHIBIAN,NZL,25
IND_PERCENT,VASCULAR_PLANT,NZL,13.199
IND_PERCENT,FRESHW_F,NZL,40.741
TOT_KNOWN,FISH_TOT,NOR,312
TOT_KNOWN,MARINE_F,NOR,285
TOT_KNOWN,FRESHW_F,NOR,47
TOT_KNOWN_IND,FISH_TOT,NOR,196
TOT_KNOWN_IND,MARINE_F,NOR,164
TOT_KNOWN_IND,FRESHW_F,NOR,32
ENDANGERED,FISH_TOT,NOR,4
ENDANGERED,MARINE_F,NOR,4
CRITICAL,FISH_TOT,NOR,1
CRITICAL,MARINE_F,NOR,1
VULNERABLE,FISH_TOT,NOR,2
VULNERABLE,MARINE_F,NOR,2
THREATENED,FISH_TOT,NOR,7
THREATENED,MARINE_F,NOR,7
ENDANGERED_IND,FISH_TOT,NOR,4
ENDANGERED_IND,MARINE_F,NOR,4
CRITICAL_IND,FISH_TOT,NOR,1
CRITICAL_IND,MARINE_F,NOR,1
VULNERABLE_IND,FISH_TOT,NOR,2
VULNERABLE_IND,MARINE_F,NOR,2
THREATENED_IND,MAMMAL,NOR,17
THREATENED_IND,BIRD,NOR,46
THREATENED_IND,AMPHIBIAN,NOR,1
THREATENED_IND,VASCULAR_PLANT,NOR,246
THREATENED_IND,FISH_TOT,NOR,7
THREATENED_IND,MARINE_F,NOR,7
THREAT_PERCENT,MAMMAL,NOR,19.101
THREAT_PERCENT,BIRD,NOR,17.424
THREAT_PERCENT,AMPHIBIAN,NOR,16.667
THREAT_PERCENT,VASCULAR_PLANT,NOR,7.586
THREAT_PERCENT,FISH_TOT,NOR,2.244
THREAT_PERCENT,MARINE_F,NOR,2.456
IND_PERCENT,MAMMAL,NOR,23.288
IND_PERCENT,BIRD,NOR,19.828
IND_PERCENT,AMPHIBIAN,NOR,16.667
IND_PERCENT,VASCULAR_PLANT,NOR,18.128
IND_PERCENT,FISH_TOT,NOR,3.571
IND_PERCENT,MARINE_F,NOR,4.268
TOT_KNOWN,FISH_TOT,POL,138
TOT_KNOWN,MARINE_F,POL,50
TOT_KNOWN,FRESHW_F,POL,70
TOT_KNOWN_IND,FISH_TOT,POL,104
TOT_KNOWN_IND,MARINE_F,POL,49
TOT_KNOWN_IND,FRESHW_F,POL,65
ENDANGERED,FISH_TOT,POL,15
ENDANGERED,MARINE_F,POL,9
ENDANGERED,FRESHW_F,POL,5
CRITICAL,FISH_TOT,POL,7
CRITICAL,FRESHW_F,POL,5
VULNERABLE,FISH_TOT,POL,7
VULNERABLE,FRESHW_F,POL,14
THREATENED,FISH_TOT,POL,29
THREATENED,MARINE_F,POL,9
THREATENED,FRESHW_F,POL,24
ENDANGERED_IND,FISH_TOT,POL,15
ENDANGERED_IND,MARINE_F,POL,9
ENDANGERED_IND,FRESHW_F,POL,5
CRITICAL_IND,FISH_TOT,POL,7
CRITICAL_IND,FRESHW_F,POL,5
VULNERABLE_IND,FISH_TOT,POL,7
VULNERABLE_IND,FRESHW_F,POL,14
THREATENED_IND,MAMMAL,POL,13
THREATENED_IND,BIRD,POL,34
THREATENED_IND,REPTILE,POL,3
THREATENED_IND,VASCULAR_PLANT,POL,428
THREATENED_IND,FISH_TOT,POL,29
THREATENED_IND,MARINE_F,POL,9
THREATENED_IND,FRESHW_F,POL,24
THREAT_PERCENT,MAMMAL,POL,11.607
THREAT_PERCENT,BIRD,POL,7.539
THREAT_PERCENT,REPTILE,POL,27.273
THREAT_PERCENT,VASCULAR_PLANT,POL,15.808
THREAT_PERCENT,FISH_TOT,POL,21.014
THREAT_PERCENT,MARINE_F,POL,18
THREAT_PERCENT,FRESHW_F,POL,34.286
IND_PERCENT,MAMMAL,POL,13
IND_PERCENT,BIRD,POL,7.64
IND_PERCENT,REPTILE,POL,33.333
IND_PERCENT,VASCULAR_PLANT,POL,16.89
IND_PERCENT,FISH_TOT,POL,27.885
IND_PERCENT,MARINE_F,POL,18.367
IND_PERCENT,FRESHW_F,POL,36.923
TOT_KNOWN,FISH_TOT,PRT,65
TOT_KNOWN_IND,FISH_TOT,PRT,35
ENDANGERED,FISH_TOT,PRT,10
CRITICAL,FISH_TOT,PRT,8
VULNERABLE,FISH_TOT,PRT,4
THREATENED,FISH_TOT,PRT,22
ENDANGERED_IND,FISH_TOT,PRT,10
CRITICAL_IND,FISH_TOT,PRT,8
VULNERABLE_IND,FISH_TOT,PRT,4
THREATENED_IND,MAMMAL,PRT,31
THREATENED_IND,BIRD,PRT,111
THREATENED_IND,REPTILE,PRT,10
THREATENED_IND,AMPHIBIAN,PRT,2
THREATENED_IND,FISH_TOT,PRT,22
THREAT_PERCENT,MAMMAL,PRT,19.62
THREAT_PERCENT,BIRD,PRT,28.244
THREAT_PERCENT,REPTILE,PRT,20.408
THREAT_PERCENT,AMPHIBIAN,PRT,10
THREAT_PERCENT,FISH_TOT,PRT,33.846
IND_PERCENT,MAMMAL,PRT,28.704
IND_PERCENT,BIRD,PRT,30.663
IND_PERCENT,REPTILE,PRT,31.25
IND_PERCENT,AMPHIBIAN,PRT,11.765
IND_PERCENT,FISH_TOT,PRT,62.857
TOT_KNOWN,FRESHW_F,SVK,79
TOT_KNOWN_IND,FRESHW_F,SVK,63
ENDANGERED,FRESHW_F,SVK,6
VULNERABLE,FRESHW_F,SVK,6
THREATENED,FRESHW_F,SVK,12
ENDANGERED_IND,FRESHW_F,SVK,6
VULNERABLE_IND,FRESHW_F,SVK,6
THREATENED_IND,MAMMAL,SVK,20
THREATENED_IND,BIRD,SVK,51
THREATENED_IND,REPTILE,SVK,5
THREATENED_IND,AMPHIBIAN,SVK,8
THREATENED_IND,FRESHW_F,SVK,12
THREAT_PERCENT,MAMMAL,SVK,22.222
THREAT_PERCENT,BIRD,SVK,24.171
THREAT_PERCENT,REPTILE,SVK,41.667
THREAT_PERCENT,AMPHIBIAN,SVK,44.444
THREAT_PERCENT,VASCULAR_PLANT,SVK,14.562
THREAT_PERCENT,FRESHW_F,SVK,15.19
IND_PERCENT,MAMMAL,SVK,23.529
IND_PERCENT,REPTILE,SVK,41.667
IND_PERCENT,AMPHIBIAN,SVK,44.444
IND_PERCENT,FRESHW_F,SVK,19.048
TOT_KNOWN,FRESHW_F,ESP,92
ENDANGERED,FRESHW_F,ESP,10
CRITICAL,FRESHW_F,ESP,10
VULNERABLE,FRESHW_F,ESP,24
THREATENED,FRESHW_F,ESP,44
ENDANGERED_IND,FRESHW_F,ESP,10
CRITICAL_IND,FRESHW_F,ESP,10
VULNERABLE_IND,FRESHW_F,ESP,24
THREATENED_IND,MAMMAL,ESP,19
THREATENED_IND,BIRD,ESP,114
THREATENED_IND,REPTILE,ESP,34
THREATENED_IND,AMPHIBIAN,ESP,14
THREATENED_IND,VASCULAR_PLANT,ESP,1263
THREATENED_IND,FRESHW_F,ESP,44
THREAT_PERCENT,MAMMAL,ESP,16.667
THREAT_PERCENT,BIRD,ESP,19.621
THREAT_PERCENT,REPTILE,ESP,36.957
THREAT_PERCENT,AMPHIBIAN,ESP,38.889
THREAT_PERCENT,VASCULAR_PLANT,ESP,17.874
THREAT_PERCENT,FRESHW_F,ESP,47.826
TOT_KNOWN,FISH_TOT,SWE,141
TOT_KNOWN_IND,FISH_TOT,SWE,141
ENDANGERED,FISH_TOT,SWE,6
CRITICAL,FISH_TOT,SWE,6
VULNERABLE,FISH_TOT,SWE,8
THREATENED,FISH_TOT,SWE,20
ENDANGERED_IND,FISH_TOT,SWE,6
CRITICAL_IND,FISH_TOT,SWE,6
VULNERABLE_IND,FISH_TOT,SWE,8
THREATENED_IND,MAMMAL,SWE,14
THREATENED_IND,BIRD,SWE,52
THREATENED_IND,REPTILE,SWE,2
THREATENED_IND,AMPHIBIAN,SWE,5
THREATENED_IND,FISH_TOT,SWE,20
THREAT_PERCENT,MAMMAL,SWE,21.538
THREAT_PERCENT,BIRD,SWE,20.233
THREAT_PERCENT,REPTILE,SWE,33.333
THREAT_PERCENT,AMPHIBIAN,SWE,38.462
THREAT_PERCENT,VASCULAR_PLANT,SWE,17.297
THREAT_PERCENT,FISH_TOT,SWE,14.184
IND_PERCENT,MAMMAL,SWE,21.538
IND_PERCENT,BIRD,SWE,20.233
IND_PERCENT,REPTILE,SWE,33.333
IND_PERCENT,AMPHIBIAN,SWE,38.462
IND_PERCENT,FISH_TOT,SWE,14.184
TOT_KNOWN,FISH_TOT,CHE,70
TOT_KNOWN,FRESHW_F,CHE,70
TOT_KNOWN_IND,FISH_TOT,CHE,55
TOT_KNOWN_IND,FRESHW_F,CHE,55
ENDANGERED_IND,FISH_TOT,CHE,5
ENDANGERED_IND,FRESHW_F,CHE,5
CRITICAL_IND,FISH_TOT,CHE,6
CRITICAL_IND,FRESHW_F,CHE,6
VULNERABLE_IND,FISH_TOT,CHE,13
VULNERABLE_IND,FRESHW_F,CHE,13
THREATENED_IND,MAMMAL,CHE,34
THREATENED_IND,BIRD,CHE,71
THREATENED_IND,REPTILE,CHE,15
THREATENED_IND,AMPHIBIAN,CHE,13
THREATENED_IND,VASCULAR_PLANT,CHE,670
THREATENED_IND,FISH_TOT,CHE,24
THREATENED_IND,FRESHW_F,CHE,24
IND_PERCENT,MAMMAL,CHE,41.975
IND_PERCENT,BIRD,CHE,35.678
IND_PERCENT,REPTILE,CHE,78.947
IND_PERCENT,AMPHIBIAN,CHE,72.222
IND_PERCENT,VASCULAR_PLANT,CHE,25.641
IND_PERCENT,FISH_TOT,CHE,43.636
IND_PERCENT,FRESHW_F,CHE,43.636
TOT_KNOWN,FISH_TOT,TUR,716
TOT_KNOWN,MARINE_F,TUR,480
TOT_KNOWN,FRESHW_F,TUR,236
THREAT_PERCENT,MAMMAL,TUR,14.286
THREAT_PERCENT,BIRD,TUR,3.696
THREAT_PERCENT,AMPHIBIAN,TUR,7.092
THREAT_PERCENT,VASCULAR_PLANT,TUR,10.951
TOT_KNOWN,FISH_TOT,GBR,622
ENDANGERED,FRESHW_F,GBR,3
VULNERABLE,FRESHW_F,GBR,1
THREATENED,FRESHW_F,GBR,4
ENDANGERED_IND,FISH_TOT,GBR,11
ENDANGERED_IND,FRESHW_F,GBR,1
CRITICAL_IND,FISH_TOT,GBR,7
VULNERABLE_IND,FISH_TOT,GBR,24
THREATENED_IND,MAMMAL,GBR,11
THREATENED_IND,BIRD,GBR,134
THREATENED_IND,VASCULAR_PLANT,GBR,826
THREATENED_IND,FISH_TOT,GBR,42
THREATENED_IND,FRESHW_F,GBR,1
THREAT_PERCENT,VASCULAR_PLANT,GBR,18.106
TOT_KNOWN,FRESHW_F,USA,882
TOT_KNOWN_IND,FRESHW_F,USA,808
ENDANGERED,FRESHW_F,USA,72
CRITICAL,FRESHW_F,USA,99
VULNERABLE,FRESHW_F,USA,109
THREATENED,FRESHW_F,USA,280
ENDANGERED_IND,FRESHW_F,USA,71
CRITICAL_IND,FRESHW_F,USA,98
VULNERABLE_IND,FRESHW_F,USA,109
THREATENED_IND,MAMMAL,USA,76
THREATENED_IND,BIRD,USA,97
THREATENED_IND,REPTILE,USA,61
THREATENED_IND,AMPHIBIAN,USA,109
THREATENED_IND,VASCULAR_PLANT,USA,5366
THREATENED_IND,FRESHW_F,USA,278
THREAT_PERCENT,MAMMAL,USA,17.219
THREAT_PERCENT,BIRD,USA,12.154
THREAT_PERCENT,REPTILE,USA,17.971
THREAT_PERCENT,AMPHIBIAN,USA,40.37
THREAT_PERCENT,VASCULAR_PLANT,USA,27.467
THREAT_PERCENT,FRESHW_F,USA,31.746
IND_PERCENT,MAMMAL,USA,17.757
IND_PERCENT,BIRD,USA,12.663
IND_PERCENT,REPTILE,USA,20.266
IND_PERCENT,AMPHIBIAN,USA,41.923
IND_PERCENT,VASCULAR_PLANT,USA,32.963
IND_PERCENT,FRESHW_F,USA,34.406
TOT_KNOWN_IND,FISH_TOT,CHL,1226
TOT_KNOWN_IND,MARINE_F,CHL,1182
TOT_KNOWN_IND,FRESHW_F,CHL,44
ENDANGERED,FISH_TOT,CHL,23
ENDANGERED,FRESHW_F,CHL,23
VULNERABLE,FISH_TOT,CHL,14
VULNERABLE,MARINE_F,CHL,1
VULNERABLE,FRESHW_F,CHL,13
THREATENED,FISH_TOT,CHL,38
THREATENED,MARINE_F,CHL,1
THREATENED,FRESHW_F,CHL,37
ENDANGERED_IND,FISH_TOT,CHL,23
ENDANGERED_IND,FRESHW_F,CHL,23
VULNERABLE_IND,FISH_TOT,CHL,14
VULNERABLE_IND,MARINE_F,CHL,1
VULNERABLE_IND,FRESHW_F,CHL,13
THREATENED_IND,MAMMAL,CHL,36
THREATENED_IND,BIRD,CHL,45
THREATENED_IND,REPTILE,CHL,52
THREATENED_IND,AMPHIBIAN,CHL,44
THREATENED_IND,VASCULAR_PLANT,CHL,418
THREATENED_IND,FISH_TOT,CHL,38
THREATENED_IND,MARINE_F,CHL,1
THREATENED_IND,FRESHW_F,CHL,37
THREAT_PERCENT,MAMMAL,CHL,20.571
THREAT_PERCENT,BIRD,CHL,9.036
THREAT_PERCENT,REPTILE,CHL,39.695
THREAT_PERCENT,AMPHIBIAN,CHL,67.692
IND_PERCENT,MAMMAL,CHL,22.222
IND_PERCENT,BIRD,CHL,9.146
IND_PERCENT,REPTILE,CHL,42.623
IND_PERCENT,AMPHIBIAN,CHL,68.75
IND_PERCENT,FISH_TOT,CHL,3.1
IND_PERCENT,MARINE_F,CHL,0.085
IND_PERCENT,FRESHW_F,CHL,84.091
TOT_KNOWN,FISH_TOT,EST,85
TOT_KNOWN,MARINE_F,EST,64
TOT_KNOWN,FRESHW_F,EST,41
TOT_KNOWN_IND,FISH_TOT,EST,65
TOT_KNOWN_IND,MARINE_F,EST,54
TOT_KNOWN_IND,FRESHW_F,EST,38
ENDANGERED,FISH_TOT,EST,1
CRITICAL,FISH_TOT,EST,4
CRITICAL,MARINE_F,EST,2
CRITICAL,FRESHW_F,EST,4
VULNERABLE,FISH_TOT,EST,1
VULNERABLE,FRESHW_F,EST,1
THREATENED,FISH_TOT,EST,6
THREATENED,MARINE_F,EST,2
THREATENED,FRESHW_F,EST,5
ENDANGERED_IND,FISH_TOT,EST,1
CRITICAL_IND,FISH_TOT,EST,4
CRITICAL_IND,MARINE_F,EST,2
CRITICAL_IND,FRESHW_F,EST,4
VULNERABLE_IND,FISH_TOT,EST,1
VULNERABLE_IND,FRESHW_F,EST,1
THREATENED_IND,MAMMAL,EST,2
THREATENED_IND,BIRD,EST,38
THREATENED_IND,REPTILE,EST,1
THREATENED_IND,AMPHIBIAN,EST,4
THREATENED_IND,VASCULAR_PLANT,EST,178
THREATENED_IND,FISH_TOT,EST,6
THREATENED_IND,MARINE_F,EST,2
THREATENED_IND,FRESHW_F,EST,5
THREAT_PERCENT,MAMMAL,EST,3.077
THREAT_PERCENT,BIRD,EST,10.08
THREAT_PERCENT,REPTILE,EST,50
THREAT_PERCENT,AMPHIBIAN,EST,44.444
THREAT_PERCENT,VASCULAR_PLANT,EST,9.388
THREAT_PERCENT,FISH_TOT,EST,7.059
THREAT_PERCENT,MARINE_F,EST,3.125
THREAT_PERCENT,FRESHW_F,EST,12.195
IND_PERCENT,MAMMAL,EST,3.279
IND_PERCENT,BIRD,EST,10.27
IND_PERCENT,REPTILE,EST,50
IND_PERCENT,AMPHIBIAN,EST,50
IND_PERCENT,VASCULAR_PLANT,EST,13.333
IND_PERCENT,FISH_TOT,EST,9.231
IND_PERCENT,MARINE_F,EST,3.704
IND_PERCENT,FRESHW_F,EST,13.158
THREATENED_IND,MAMMAL,ISR,61
THREATENED_IND,REPTILE,ISR,35
IND_PERCENT,MAMMAL,ISR,58.095
IND_PERCENT,REPTILE,ISR,33.333
TOT_KNOWN,FRESHW_F,RUS,277
THREATENED,FRESHW_F,RUS,34
THREAT_PERCENT,MAMMAL,RUS,12.5
THREAT_PERCENT,BIRD,RUS,7.65
THREAT_PERCENT,REPTILE,RUS,12
THREAT_PERCENT,AMPHIBIAN,RUS,18.519
THREAT_PERCENT,VASCULAR_PLANT,RUS,1.763
THREAT_PERCENT,FRESHW_F,RUS,12.274
TOT_KNOWN,FISH_TOT,SVN,273
TOT_KNOWN,MARINE_F,SVN,188
TOT_KNOWN,FRESHW_F,SVN,85
ENDANGERED,FISH_TOT,SVN,40
ENDANGERED,MARINE_F,SVN,9
ENDANGERED,FRESHW_F,SVN,31
VULNERABLE,FISH_TOT,SVN,10
VULNERABLE,MARINE_F,SVN,1
VULNERABLE,FRESHW_F,SVN,9
THREATENED,FISH_TOT,SVN,50
THREATENED,MARINE_F,SVN,10
THREATENED,FRESHW_F,SVN,40
ENDANGERED_IND,FISH_TOT,SVN,40
ENDANGERED_IND,MARINE_F,SVN,9
ENDANGERED_IND,FRESHW_F,SVN,31
VULNERABLE_IND,FISH_TOT,SVN,10
VULNERABLE_IND,MARINE_F,SVN,1
VULNERABLE_IND,FRESHW_F,SVN,9
THREATENED_IND,MAMMAL,SVN,34
THREATENED_IND,BIRD,SVN,105
THREATENED_IND,REPTILE,SVN,18
THREATENED_IND,AMPHIBIAN,SVN,17
THREATENED_IND,VASCULAR_PLANT,SVN,334
THREATENED_IND,FISH_TOT,SVN,50
THREATENED_IND,MARINE_F,SVN,10
THREATENED_IND,FRESHW_F,SVN,40
THREAT_PERCENT,MAMMAL,SVN,38.202
THREAT_PERCENT,BIRD,SVN,27.632
THREAT_PERCENT,REPTILE,SVN,75
THREAT_PERCENT,AMPHIBIAN,SVN,80.952
THREAT_PERCENT,VASCULAR_PLANT,SVN,9.676
THREAT_PERCENT,FISH_TOT,SVN,18.315
THREAT_PERCENT,MARINE_F,SVN,5.319
THREAT_PERCENT,FRESHW_F,SVN,47.059
IND_PERCENT,BIRD,SVN,28.767
IND_PERCENT,REPTILE,SVN,75
IND_PERCENT,AMPHIBIAN,SVN,80.952
IND_PERCENT,VASCULAR_PLANT,SVN,10.709
TOT_KNOWN_IND,VASCULAR_PLANT,CHL,5670
CRITICAL,MAMMAL,CHL,3
CRITICAL,AMPHIBIAN,CHL,10
CRITICAL,VASCULAR_PLANT,CHL,71
CRITICAL,FISH_TOT,CHL,1
CRITICAL,FRESHW_F,CHL,1
CRITICAL_IND,MAMMAL,CHL,3
CRITICAL_IND,AMPHIBIAN,CHL,10
CRITICAL_IND,VASCULAR_PLANT,CHL,71
CRITICAL_IND,FISH_TOT,CHL,1
CRITICAL_IND,FRESHW_F,CHL,1
IND_PERCENT,VASCULAR_PLANT,CHL,7.372
TOT_KNOWN,FISH_TOT,FRA,69
ENDANGERED,FISH_TOT,ITA,12
ENDANGERED,MARINE_F,ITA,6
CRITICAL,FISH_TOT,ITA,21
CRITICAL,MARINE_F,ITA,10
VULNERABLE,FISH_TOT,ITA,14
VULNERABLE,MARINE_F,ITA,6
THREATENED,FISH_TOT,ITA,47
THREATENED,MARINE_F,ITA,22
THREAT_PERCENT,FISH_TOT,ITA,7.332
THREAT_PERCENT,MARINE_F,ITA,4.044
TOT_KNOWN,FISH_TOT,NZL,289
TOT_KNOWN,MARINE_F,NZL,214
TOT_KNOWN_IND,FISH_TOT,NZL,258
TOT_KNOWN_IND,MARINE_F,NZL,204
ENDANGERED_IND,FISH_TOT,NZL,6
CRITICAL_IND,FISH_TOT,NZL,4
VULNERABLE_IND,FISH_TOT,NZL,12
THREATENED_IND,FISH_TOT,NZL,22
IND_PERCENT,FISH_TOT,NZL,8.527
ENDANGERED_IND,VASCULAR_PLANT,SWE,114
CRITICAL_IND,VASCULAR_PLANT,SWE,43
VULNERABLE_IND,VASCULAR_PLANT,SWE,113
THREATENED_IND,VASCULAR_PLANT,SWE,270
IND_PERCENT,VASCULAR_PLANT,SWE,17.297
TOT_KNOWN,MOSS,CAN,1373
TOT_KNOWN_IND,MOSS,CAN,1364
ENDANGERED,MOSS,CAN,85
ENDANGERED,LICHEN,CAN,51
VULNERABLE,MOSS,CAN,134
VULNERABLE,LICHEN,CAN,63
THREATENED,MOSS,CAN,294
THREATENED,LICHEN,CAN,184
ENDANGERED_IND,MOSS,CAN,85
ENDANGERED_IND,LICHEN,CAN,51
VULNERABLE_IND,MOSS,CAN,134
VULNERABLE_IND,LICHEN,CAN,63
THREATENED_IND,MOSS,CAN,294
THREATENED_IND,LICHEN,CAN,184
THREAT_PERCENT,MOSS,CAN,21.413
IND_PERCENT,MOSS,CAN,21.554
TOT_KNOWN,MOSS,FIN,892
TOT_KNOWN,LICHEN,FIN,1594
TOT_KNOWN,INVERTEB,FIN,23950
TOT_KNOWN_IND,MOSS,FIN,892
TOT_KNOWN_IND,LICHEN,FIN,1594
TOT_KNOWN_IND,INVERTEB,FIN,23950
ENDANGERED,REPTILE,FIN,0
ENDANGERED,AMPHIBIAN,FIN,1
ENDANGERED,MOSS,FIN,70
ENDANGERED,LICHEN,FIN,81
ENDANGERED,INVERTEB,FIN,393
CRITICAL,REPTILE,FIN,0
CRITICAL,AMPHIBIAN,FIN,0
CRITICAL,MOSS,FIN,37
CRITICAL,LICHEN,FIN,63
CRITICAL,INVERTEB,FIN,123
VULNERABLE,MOSS,FIN,76
VULNERABLE,LICHEN,FIN,124
VULNERABLE,INVERTEB,FIN,739
THREATENED,MOSS,FIN,183
THREATENED,LICHEN,FIN,268
THREATENED,INVERTEB,FIN,1255
ENDANGERED_IND,AMPHIBIAN,FIN,1
ENDANGERED_IND,MOSS,FIN,70
ENDANGERED_IND,LICHEN,FIN,81
ENDANGERED_IND,INVERTEB,FIN,393
CRITICAL_IND,MOSS,FIN,37
CRITICAL_IND,LICHEN,FIN,63
CRITICAL_IND,INVERTEB,FIN,123
VULNERABLE_IND,MOSS,FIN,76
VULNERABLE_IND,LICHEN,FIN,124
VULNERABLE_IND,INVERTEB,FIN,739
THREATENED_IND,MOSS,FIN,183
THREATENED_IND,LICHEN,FIN,268
THREATENED_IND,INVERTEB,FIN,1255
THREAT_PERCENT,MOSS,FIN,20.516
THREAT_PERCENT,LICHEN,FIN,16.813
THREAT_PERCENT,INVERTEB,FIN,5.24
IND_PERCENT,MOSS,FIN,20.516
IND_PERCENT,LICHEN,FIN,16.813
IND_PERCENT,INVERTEB,FIN,5.24
TOT_KNOWN,FISH_TOT,DEU,186
TOT_KNOWN,MARINE_F,DEU,93
TOT_KNOWN,MOSS,DEU,1121
TOT_KNOWN,LICHEN,DEU,1794
TOT_KNOWN,INVERTEB,DEU,10256
TOT_KNOWN_IND,FISH_TOT,DEU,172
TOT_KNOWN_IND,MARINE_F,DEU,93
TOT_KNOWN_IND,MOSS,DEU,1121
TOT_KNOWN_IND,LICHEN,DEU,1794
TOT_KNOWN_IND,INVERTEB,DEU,10165
ENDANGERED,FISH_TOT,DEU,14
ENDANGERED,MARINE_F,DEU,5
ENDANGERED,MOSS,DEU,104
ENDANGERED,LICHEN,DEU,165
ENDANGERED,INVERTEB,DEU,1011
CRITICAL,AMPHIBIAN,DEU,0
CRITICAL,FISH_TOT,DEU,12
CRITICAL,MARINE_F,DEU,4
CRITICAL,MOSS,DEU,28
CRITICAL,LICHEN,DEU,306
CRITICAL,INVERTEB,DEU,559
VULNERABLE,FISH_TOT,DEU,23
VULNERABLE,MARINE_F,DEU,12
VULNERABLE,MOSS,DEU,327
VULNERABLE,LICHEN,DEU,456
VULNERABLE,INVERTEB,DEU,2183
THREATENED,FISH_TOT,DEU,49
THREATENED,MARINE_F,DEU,21
THREATENED,MOSS,DEU,459
THREATENED,LICHEN,DEU,927
THREATENED,INVERTEB,DEU,3753
ENDANGERED_IND,FISH_TOT,DEU,14
ENDANGERED_IND,MARINE_F,DEU,5
ENDANGERED_IND,MOSS,DEU,104
ENDANGERED_IND,LICHEN,DEU,165
ENDANGERED_IND,INVERTEB,DEU,1011
CRITICAL_IND,AMPHIBIAN,DEU,0
CRITICAL_IND,FISH_TOT,DEU,12
CRITICAL_IND,MARINE_F,DEU,4
CRITICAL_IND,MOSS,DEU,28
CRITICAL_IND,LICHEN,DEU,306
CRITICAL_IND,INVERTEB,DEU,559
VULNERABLE_IND,FISH_TOT,DEU,23
VULNERABLE_IND,MARINE_F,DEU,12
VULNERABLE_IND,MOSS,DEU,327
VULNERABLE_IND,LICHEN,DEU,456
VULNERABLE_IND,INVERTEB,DEU,2183
THREATENED_IND,FISH_TOT,DEU,49
THREATENED_IND,MARINE_F,DEU,21
THREATENED_IND,MOSS,DEU,459
THREATENED_IND,LICHEN,DEU,927
THREATENED_IND,INVERTEB,DEU,3753
THREAT_PERCENT,FISH_TOT,DEU,26.344
THREAT_PERCENT,MARINE_F,DEU,22.581
THREAT_PERCENT,MOSS,DEU,40.946
THREAT_PERCENT,LICHEN,DEU,51.672
THREAT_PERCENT,INVERTEB,DEU,36.593
IND_PERCENT,FISH_TOT,DEU,28.488
IND_PERCENT,MARINE_F,DEU,22.581
IND_PERCENT,MOSS,DEU,40.946
IND_PERCENT,LICHEN,DEU,51.672
IND_PERCENT,INVERTEB,DEU,36.921
TOT_KNOWN,INVERTEB,ITA,58632
ENDANGERED,INVERTEB,ITA,136
CRITICAL,INVERTEB,ITA,88
VULNERABLE,INVERTEB,ITA,232
THREATENED,INVERTEB,ITA,456
THREAT_PERCENT,INVERTEB,ITA,0.778
TOT_KNOWN,MARINE_F,KOR,1078
TOT_KNOWN,FRESHW_F,KOR,202
TOT_KNOWN,INVERTEB,KOR,26541
ENDANGERED,INVERTEB,KOR,43
CRITICAL,INVERTEB,KOR,24
VULNERABLE,INVERTEB,KOR,137
THREATENED,INVERTEB,KOR,204
THREAT_PERCENT,FRESHW_F,KOR,12.871
THREAT_PERCENT,INVERTEB,KOR,0.769
TOT_KNOWN,INVERTEB,LUX,149
ENDANGERED,INVERTEB,LUX,7
VULNERABLE,INVERTEB,LUX,9
THREATENED,INVERTEB,LUX,23
THREAT_PERCENT,INVERTEB,LUX,15.436
TOT_KNOWN,MARINE_F,MEX,2224
TOT_KNOWN,FRESHW_F,MEX,505
TOT_KNOWN_IND,FRESHW_F,MEX,289
ENDANGERED,MARINE_F,MEX,1
ENDANGERED,FRESHW_F,MEX,75
ENDANGERED,INVERTEB,MEX,20
CRITICAL,FRESHW_F,MEX,12
VULNERABLE,MARINE_F,MEX,3
VULNERABLE,FRESHW_F,MEX,68
VULNERABLE,MOSS,MEX,2
VULNERABLE,INVERTEB,MEX,12
THREATENED,FRESHW_F,MEX,155
THREATENED,INVERTEB,MEX,32
ENDANGERED_IND,MARINE_F,MEX,1
ENDANGERED_IND,FRESHW_F,MEX,69
ENDANGERED_IND,INVERTEB,MEX,12
CRITICAL_IND,FRESHW_F,MEX,8
VULNERABLE_IND,FRESHW_F,MEX,58
VULNERABLE_IND,INVERTEB,MEX,1
THREATENED_IND,FRESHW_F,MEX,135
THREATENED_IND,INVERTEB,MEX,13
THREAT_PERCENT,FRESHW_F,MEX,30.693
IND_PERCENT,FRESHW_F,MEX,46.713
TOT_KNOWN,MOSS,NLD,517
TOT_KNOWN,LICHEN,NLD,683
TOT_KNOWN,INVERTEB,NLD,176
ENDANGERED,MOSS,NLD,27
ENDANGERED,LICHEN,NLD,42
ENDANGERED,INVERTEB,NLD,18
CRITICAL,MOSS,NLD,52
CRITICAL,LICHEN,NLD,49
CRITICAL,INVERTEB,NLD,25
VULNERABLE,MOSS,NLD,43
VULNERABLE,LICHEN,NLD,65
VULNERABLE,INVERTEB,NLD,11
THREATENED,MOSS,NLD,122
THREATENED,LICHEN,NLD,156
THREATENED,INVERTEB,NLD,54
THREATENED_IND,AMPHIBIAN,NLD,7
THREAT_PERCENT,MOSS,NLD,23.598
THREAT_PERCENT,LICHEN,NLD,22.84
THREAT_PERCENT,INVERTEB,NLD,30.682
IND_PERCENT,AMPHIBIAN,NLD,43.75
TOT_KNOWN,INVERTEB,NZL,33000
TOT_KNOWN_IND,MOSS,NZL,525
TOT_KNOWN_IND,LICHEN,NZL,2026
TOT_KNOWN_IND,INVERTEB,NZL,30700
ENDANGERED,MOSS,NZL,4
ENDANGERED,LICHEN,NZL,2
ENDANGERED,INVERTEB,NZL,62
CRITICAL,MOSS,NZL,14
CRITICAL,LICHEN,NZL,6
CRITICAL,INVERTEB,NZL,133
VULNERABLE,MOSS,NZL,2
VULNERABLE,LICHEN,NZL,8
VULNERABLE,INVERTEB,NZL,71
THREATENED,MOSS,NZL,20
THREATENED,LICHEN,NZL,16
THREATENED,INVERTEB,NZL,266
ENDANGERED_IND,MOSS,NZL,4
ENDANGERED_IND,LICHEN,NZL,2
ENDANGERED_IND,INVERTEB,NZL,62
CRITICAL_IND,MOSS,NZL,14
CRITICAL_IND,LICHEN,NZL,6
CRITICAL_IND,INVERTEB,NZL,133
VULNERABLE_IND,MOSS,NZL,2
VULNERABLE_IND,LICHEN,NZL,8
VULNERABLE_IND,INVERTEB,NZL,71
THREATENED_IND,MOSS,NZL,20
THREATENED_IND,LICHEN,NZL,16
THREATENED_IND,INVERTEB,NZL,266
THREAT_PERCENT,INVERTEB,NZL,0.806
IND_PERCENT,MOSS,NZL,3.81
IND_PERCENT,LICHEN,NZL,0.79
IND_PERCENT,INVERTEB,NZL,0.866
TOT_KNOWN,MOSS,NOR,1085
TOT_KNOWN,LICHEN,NOR,2032
TOT_KNOWN,INVERTEB,NOR,26917
TOT_KNOWN_IND,MOSS,NOR,1083
TOT_KNOWN_IND,LICHEN,NOR,2031
TOT_KNOWN_IND,INVERTEB,NOR,26276
ENDANGERED,MOSS,NOR,61
ENDANGERED,LICHEN,NOR,73
ENDANGERED,INVERTEB,NOR,452
CRITICAL,MOSS,NOR,22
CRITICAL,LICHEN,NOR,45
CRITICAL,INVERTEB,NOR,92
VULNERABLE,MOSS,NOR,59
VULNERABLE,LICHEN,NOR,99
VULNERABLE,INVERTEB,NOR,671
THREATENED,MOSS,NOR,142
THREATENED,LICHEN,NOR,217
THREATENED,INVERTEB,NOR,1215
ENDANGERED_IND,MOSS,NOR,61
ENDANGERED_IND,LICHEN,NOR,73
ENDANGERED_IND,INVERTEB,NOR,452
CRITICAL_IND,MOSS,NOR,22
CRITICAL_IND,LICHEN,NOR,45
CRITICAL_IND,INVERTEB,NOR,92
VULNERABLE_IND,MOSS,NOR,59
VULNERABLE_IND,LICHEN,NOR,99
VULNERABLE_IND,INVERTEB,NOR,671
THREATENED_IND,MOSS,NOR,142
THREATENED_IND,LICHEN,NOR,217
THREATENED_IND,INVERTEB,NOR,1215
THREAT_PERCENT,MOSS,NOR,13.088
THREAT_PERCENT,LICHEN,NOR,10.679
THREAT_PERCENT,INVERTEB,NOR,4.514
IND_PERCENT,MOSS,NOR,13.112
IND_PERCENT,LICHEN,NOR,10.684
IND_PERCENT,INVERTEB,NOR,4.624
TOT_KNOWN,MOSS,POL,699
TOT_KNOWN,LICHEN,POL,1683
TOT_KNOWN,INVERTEB,POL,34662
TOT_KNOWN_IND,MOSS,POL,696
TOT_KNOWN_IND,LICHEN,POL,1683
TOT_KNOWN_IND,INVERTEB,POL,34428
ENDANGERED,MOSS,POL,52
ENDANGERED,LICHEN,POL,201
ENDANGERED,INVERTEB,POL,358
CRITICAL,LICHEN,POL,179
CRITICAL,INVERTEB,POL,152
VULNERABLE,MOSS,POL,31
VULNERABLE,LICHEN,POL,165
VULNERABLE,INVERTEB,POL,570
THREATENED,MOSS,POL,83
THREATENED,LICHEN,POL,545
THREATENED,INVERTEB,POL,1080
ENDANGERED_IND,MOSS,POL,52
ENDANGERED_IND,LICHEN,POL,201
ENDANGERED_IND,INVERTEB,POL,358
CRITICAL_IND,LICHEN,POL,179
CRITICAL_IND,INVERTEB,POL,152
VULNERABLE_IND,MOSS,POL,31
VULNERABLE_IND,LICHEN,POL,165
VULNERABLE_IND,INVERTEB,POL,570
THREATENED_IND,MOSS,POL,83
THREATENED_IND,LICHEN,POL,545
THREATENED_IND,INVERTEB,POL,1080
THREAT_PERCENT,MOSS,POL,11.874
THREAT_PERCENT,LICHEN,POL,32.383
THREAT_PERCENT,INVERTEB,POL,3.116
IND_PERCENT,MOSS,POL,11.925
IND_PERCENT,LICHEN,POL,32.383
IND_PERCENT,INVERTEB,POL,3.137
TOT_KNOWN,MOSS,SVK,909
TOT_KNOWN,LICHEN,SVK,1508
TOT_KNOWN,INVERTEB,SVK,24818
ENDANGERED,MOSS,SVK,104
ENDANGERED,LICHEN,SVK,48
ENDANGERED,INVERTEB,SVK,401
CRITICAL,MOSS,SVK,95
CRITICAL,LICHEN,SVK,140
CRITICAL,INVERTEB,SVK,199
VULNERABLE,MOSS,SVK,112
VULNERABLE,LICHEN,SVK,169
VULNERABLE,INVERTEB,SVK,1036
THREATENED,MOSS,SVK,311
THREATENED,LICHEN,SVK,357
THREATENED,INVERTEB,SVK,1636
THREAT_PERCENT,MOSS,SVK,34.213
THREAT_PERCENT,LICHEN,SVK,23.674
THREAT_PERCENT,INVERTEB,SVK,6.592
TOT_KNOWN,MOSS,CHE,996
TOT_KNOWN,LICHEN,CHE,713
TOT_KNOWN,INVERTEB,CHE,3154
TOT_KNOWN_IND,MOSS,CHE,995
TOT_KNOWN_IND,LICHEN,CHE,713
TOT_KNOWN_IND,INVERTEB,CHE,3039
ENDANGERED,FISH_TOT,CHE,5
ENDANGERED,FRESHW_F,CHE,5
ENDANGERED,MOSS,CHE,58
ENDANGERED,LICHEN,CHE,96
ENDANGERED,INVERTEB,CHE,358
CRITICAL,FISH_TOT,CHE,6
CRITICAL,FRESHW_F,CHE,6
CRITICAL,MOSS,CHE,61
CRITICAL,LICHEN,CHE,45
CRITICAL,INVERTEB,CHE,229
VULNERABLE,FISH_TOT,CHE,13
VULNERABLE,FRESHW_F,CHE,13
VULNERABLE,MOSS,CHE,282
VULNERABLE,LICHEN,CHE,116
VULNERABLE,INVERTEB,CHE,487
THREATENED,FISH_TOT,CHE,24
THREATENED,FRESHW_F,CHE,24
THREATENED,MOSS,CHE,401
THREATENED,LICHEN,CHE,257
THREATENED,INVERTEB,CHE,1074
ENDANGERED_IND,MOSS,CHE,58
ENDANGERED_IND,LICHEN,CHE,96
ENDANGERED_IND,INVERTEB,CHE,358
CRITICAL_IND,MOSS,CHE,61
CRITICAL_IND,LICHEN,CHE,45
CRITICAL_IND,INVERTEB,CHE,229
VULNERABLE_IND,MOSS,CHE,282
VULNERABLE_IND,LICHEN,CHE,116
VULNERABLE_IND,INVERTEB,CHE,487
THREATENED_IND,MOSS,CHE,401
THREATENED_IND,LICHEN,CHE,257
THREATENED_IND,INVERTEB,CHE,1074
THREAT_PERCENT,MAMMAL,CHE,36.559
THREAT_PERCENT,BIRD,CHE,34.634
THREAT_PERCENT,REPTILE,CHE,78.947
THREAT_PERCENT,AMPHIBIAN,CHE,68.421
THREAT_PERCENT,VASCULAR_PLANT,CHE,25.641
THREAT_PERCENT,FISH_TOT,CHE,34.286
THREAT_PERCENT,FRESHW_F,CHE,34.286
THREAT_PERCENT,MOSS,CHE,40.261
THREAT_PERCENT,LICHEN,CHE,36.045
THREAT_PERCENT,INVERTEB,CHE,34.052
IND_PERCENT,MOSS,CHE,40.302
IND_PERCENT,LICHEN,CHE,36.045
IND_PERCENT,INVERTEB,CHE,35.341
TOT_KNOWN,LICHEN,GBR,2875
TOT_KNOWN,INVERTEB,GBR,36242
ENDANGERED,MOSS,GBR,37
ENDANGERED,LICHEN,GBR,34
ENDANGERED,INVERTEB,GBR,380
CRITICAL,MOSS,GBR,23
CRITICAL,LICHEN,GBR,45
CRITICAL,INVERTEB,GBR,90
VULNERABLE,MOSS,GBR,63
VULNERABLE,LICHEN,GBR,111
VULNERABLE,INVERTEB,GBR,428
THREATENED,LICHEN,GBR,190
THREATENED,INVERTEB,GBR,898
ENDANGERED_IND,MOSS,GBR,37
ENDANGERED_IND,LICHEN,GBR,34
ENDANGERED_IND,INVERTEB,GBR,380
CRITICAL_IND,MOSS,GBR,23
CRITICAL_IND,LICHEN,GBR,45
CRITICAL_IND,INVERTEB,GBR,90
VULNERABLE_IND,MOSS,GBR,63
VULNERABLE_IND,LICHEN,GBR,111
VULNERABLE_IND,INVERTEB,GBR,428
THREATENED_IND,MOSS,GBR,123
THREATENED_IND,LICHEN,GBR,190
THREATENED_IND,INVERTEB,GBR,898
THREAT_PERCENT,MAMMAL,GBR,11.111
THREAT_PERCENT,BIRD,GBR,22.712
THREAT_PERCENT,LICHEN,GBR,6.609
THREAT_PERCENT,INVERTEB,GBR,2.478
TOT_KNOWN,MOSS,CHL,1327
TOT_KNOWN,LICHEN,CHL,1383
TOT_KNOWN,INVERTEB,CHL,15466
TOT_KNOWN_IND,MOSS,CHL,1327
TOT_KNOWN_IND,LICHEN,CHL,1383
TOT_KNOWN_IND,INVERTEB,CHL,15466
ENDANGERED,INVERTEB,CHL,61
CRITICAL,BIRD,CHL,2
CRITICAL,REPTILE,CHL,10
CRITICAL,INVERTEB,CHL,32
VULNERABLE,INVERTEB,CHL,22
THREATENED,INVERTEB,CHL,114
ENDANGERED_IND,INVERTEB,CHL,61
CRITICAL_IND,BIRD,CHL,2
CRITICAL_IND,REPTILE,CHL,10
CRITICAL_IND,INVERTEB,CHL,32
VULNERABLE_IND,INVERTEB,CHL,22
THREATENED_IND,INVERTEB,CHL,114
THREAT_PERCENT,INVERTEB,CHL,0.737
IND_PERCENT,INVERTEB,CHL,0.737
TOT_KNOWN,MAMMAL,COL,492
TOT_KNOWN,BIRD,COL,1921
TOT_KNOWN,REPTILE,COL,537
TOT_KNOWN,AMPHIBIAN,COL,803
TOT_KNOWN,VASCULAR_PLANT,COL,27881
TOT_KNOWN,FISH_TOT,COL,3435
TOT_KNOWN,MARINE_F,COL,2000
TOT_KNOWN,FRESHW_F,COL,1435
TOT_KNOWN,MOSS,COL,1649
TOT_KNOWN,LICHEN,COL,1674
TOT_KNOWN,INVERTEB,COL,15269
TOT_KNOWN_IND,MAMMAL,COL,34
TOT_KNOWN_IND,BIRD,COL,79
TOT_KNOWN_IND,REPTILE,COL,115
TOT_KNOWN_IND,AMPHIBIAN,COL,367
TOT_KNOWN_IND,VASCULAR_PLANT,COL,6383
TOT_KNOWN_IND,FRESHW_F,COL,311
ENDANGERED,MAMMAL,COL,10
ENDANGERED,BIRD,COL,56
ENDANGERED,REPTILE,COL,16
ENDANGERED,AMPHIBIAN,COL,26
ENDANGERED,VASCULAR_PLANT,COL,185
ENDANGERED,FISH_TOT,COL,10
ENDANGERED,MARINE_F,COL,7
ENDANGERED,FRESHW_F,COL,10
ENDANGERED,MOSS,COL,5
ENDANGERED,INVERTEB,COL,44
CRITICAL,MAMMAL,COL,7
CRITICAL,BIRD,COL,17
CRITICAL,REPTILE,COL,11
CRITICAL,AMPHIBIAN,COL,14
CRITICAL,VASCULAR_PLANT,COL,112
CRITICAL,FISH_TOT,COL,4
CRITICAL,MARINE_F,COL,6
CRITICAL,FRESHW_F,COL,7
CRITICAL,MOSS,COL,8
CRITICAL,INVERTEB,COL,6
VULNERABLE,MAMMAL,COL,25
VULNERABLE,BIRD,COL,67
VULNERABLE,REPTILE,COL,17
VULNERABLE,AMPHIBIAN,COL,15
VULNERABLE,VASCULAR_PLANT,COL,425
VULNERABLE,FISH_TOT,COL,67
VULNERABLE,MARINE_F,COL,43
VULNERABLE,FRESHW_F,COL,92
VULNERABLE,MOSS,COL,84
VULNERABLE,INVERTEB,COL,47
THREATENED,MAMMAL,COL,42
THREATENED,BIRD,COL,140
THREATENED,REPTILE,COL,44
THREATENED,AMPHIBIAN,COL,55
THREATENED,VASCULAR_PLANT,COL,722
THREATENED,FISH_TOT,COL,81
THREATENED,MARINE_F,COL,56
THREATENED,FRESHW_F,COL,109
THREATENED,MOSS,COL,97
THREATENED,INVERTEB,COL,97
THREAT_PERCENT,MAMMAL,COL,8.537
THREAT_PERCENT,BIRD,COL,7.288
THREAT_PERCENT,REPTILE,COL,8.194
THREAT_PERCENT,AMPHIBIAN,COL,6.849
THREAT_PERCENT,VASCULAR_PLANT,COL,2.59
THREAT_PERCENT,FISH_TOT,COL,2.358
THREAT_PERCENT,MARINE_F,COL,2.8
THREAT_PERCENT,FRESHW_F,COL,7.596
THREAT_PERCENT,MOSS,COL,5.882
THREAT_PERCENT,INVERTEB,COL,0.635
TOT_KNOWN,MOSS,EST,389
TOT_KNOWN,LICHEN,EST,469
TOT_KNOWN,INVERTEB,EST,627
TOT_KNOWN_IND,MOSS,EST,388
TOT_KNOWN_IND,LICHEN,EST,458
TOT_KNOWN_IND,INVERTEB,EST,610
ENDANGERED,MOSS,EST,21
ENDANGERED,LICHEN,EST,32
ENDANGERED,INVERTEB,EST,2
CRITICAL,MOSS,EST,11
CRITICAL,LICHEN,EST,13
CRITICAL,INVERTEB,EST,7
VULNERABLE,MOSS,EST,99
VULNERABLE,LICHEN,EST,68
VULNERABLE,INVERTEB,EST,10
THREATENED,MOSS,EST,131
THREATENED,LICHEN,EST,113
THREATENED,INVERTEB,EST,19
ENDANGERED_IND,MOSS,EST,21
ENDANGERED_IND,LICHEN,EST,32
ENDANGERED_IND,INVERTEB,EST,2
CRITICAL_IND,MOSS,EST,11
CRITICAL_IND,LICHEN,EST,13
CRITICAL_IND,INVERTEB,EST,7
VULNERABLE_IND,MOSS,EST,99
VULNERABLE_IND,LICHEN,EST,67
VULNERABLE_IND,INVERTEB,EST,10
THREATENED_IND,MOSS,EST,131
THREATENED_IND,LICHEN,EST,112
THREATENED_IND,INVERTEB,EST,19
THREAT_PERCENT,MOSS,EST,33.676
THREAT_PERCENT,LICHEN,EST,24.094
THREAT_PERCENT,INVERTEB,EST,3.03
IND_PERCENT,MOSS,EST,33.763
IND_PERCENT,LICHEN,EST,24.454
IND_PERCENT,INVERTEB,EST,3.115
TOT_KNOWN_IND,BIRD,ISR,213
TOT_KNOWN_IND,AMPHIBIAN,ISR,7
TOT_KNOWN_IND,FISH_TOT,ISR,32
TOT_KNOWN_IND,FRESHW_F,ISR,32
ENDANGERED_IND,BIRD,ISR,13
ENDANGERED_IND,AMPHIBIAN,ISR,3
ENDANGERED_IND,FISH_TOT,ISR,0
ENDANGERED_IND,FRESHW_F,ISR,0
CRITICAL_IND,BIRD,ISR,21
CRITICAL_IND,AMPHIBIAN,ISR,2
CRITICAL_IND,FISH_TOT,ISR,6
CRITICAL_IND,FRESHW_F,ISR,6
VULNERABLE_IND,BIRD,ISR,31
VULNERABLE_IND,AMPHIBIAN,ISR,1
VULNERABLE_IND,FISH_TOT,ISR,0
VULNERABLE_IND,FRESHW_F,ISR,0
THREATENED_IND,BIRD,ISR,65
THREATENED_IND,AMPHIBIAN,ISR,6
THREATENED_IND,VASCULAR_PLANT,ISR,377
THREATENED_IND,FISH_TOT,ISR,6
THREATENED_IND,FRESHW_F,ISR,6
IND_PERCENT,BIRD,ISR,30.516
IND_PERCENT,AMPHIBIAN,ISR,85.714
IND_PERCENT,VASCULAR_PLANT,ISR,16.477
IND_PERCENT,FISH_TOT,ISR,18.75
IND_PERCENT,FRESHW_F,ISR,18.75
TOT_KNOWN,MAMMAL,LVA,62
TOT_KNOWN,BIRD,LVA,233
TOT_KNOWN,REPTILE,LVA,7
TOT_KNOWN,AMPHIBIAN,LVA,13
TOT_KNOWN,VASCULAR_PLANT,LVA,1937
TOT_KNOWN,FISH_TOT,LVA,87
TOT_KNOWN,MARINE_F,LVA,42
TOT_KNOWN,FRESHW_F,LVA,45
TOT_KNOWN_IND,MAMMAL,LVA,54
TOT_KNOWN_IND,BIRD,LVA,231
TOT_KNOWN_IND,REPTILE,LVA,7
TOT_KNOWN_IND,AMPHIBIAN,LVA,13
TOT_KNOWN_IND,VASCULAR_PLANT,LVA,1304
TOT_KNOWN_IND,FISH_TOT,LVA,72
TOT_KNOWN_IND,MARINE_F,LVA,27
TOT_KNOWN_IND,FRESHW_F,LVA,45
ENDANGERED,MAMMAL,LVA,3
ENDANGERED,BIRD,LVA,19
ENDANGERED,REPTILE,LVA,1
ENDANGERED,AMPHIBIAN,LVA,1
ENDANGERED,VASCULAR_PLANT,LVA,110
ENDANGERED,FISH_TOT,LVA,0
ENDANGERED,MARINE_F,LVA,0
ENDANGERED,FRESHW_F,LVA,0
ENDANGERED,MOSS,LVA,41
ENDANGERED,LICHEN,LVA,18
ENDANGERED,INVERTEB,LVA,38
CRITICAL,MAMMAL,LVA,0
CRITICAL,BIRD,LVA,4
CRITICAL,REPTILE,LVA,1
CRITICAL,AMPHIBIAN,LVA,1
CRITICAL,VASCULAR_PLANT,LVA,16
CRITICAL,FISH_TOT,LVA,1
CRITICAL,MARINE_F,LVA,1
CRITICAL,MOSS,LVA,3
CRITICAL,LICHEN,LVA,2
CRITICAL,INVERTEB,LVA,7
VULNERABLE,MAMMAL,LVA,2
VULNERABLE,BIRD,LVA,16
VULNERABLE,REPTILE,LVA,0
VULNERABLE,AMPHIBIAN,LVA,2
VULNERABLE,VASCULAR_PLANT,LVA,83
VULNERABLE,FISH_TOT,LVA,1
VULNERABLE,FRESHW_F,LVA,1
VULNERABLE,MOSS,LVA,17
VULNERABLE,LICHEN,LVA,4
VULNERABLE,INVERTEB,LVA,34
THREATENED,MAMMAL,LVA,5
THREATENED,BIRD,LVA,39
THREATENED,REPTILE,LVA,2
THREATENED,AMPHIBIAN,LVA,4
THREATENED,VASCULAR_PLANT,LVA,209
THREATENED,FISH_TOT,LVA,2
THREATENED,MARINE_F,LVA,1
THREATENED,FRESHW_F,LVA,1
THREATENED,MOSS,LVA,61
THREATENED,LICHEN,LVA,24
THREATENED,INVERTEB,LVA,79
ENDANGERED_IND,MAMMAL,LVA,3
ENDANGERED_IND,BIRD,LVA,19
ENDANGERED_IND,REPTILE,LVA,1
ENDANGERED_IND,AMPHIBIAN,LVA,1
ENDANGERED_IND,VASCULAR_PLANT,LVA,110
ENDANGERED_IND,FISH_TOT,LVA,0
ENDANGERED_IND,MARINE_F,LVA,0
ENDANGERED_IND,FRESHW_F,LVA,0
CRITICAL_IND,MAMMAL,LVA,0
CRITICAL_IND,BIRD,LVA,4
CRITICAL_IND,REPTILE,LVA,1
CRITICAL_IND,AMPHIBIAN,LVA,1
CRITICAL_IND,VASCULAR_PLANT,LVA,16
CRITICAL_IND,FISH_TOT,LVA,1
CRITICAL_IND,MARINE_F,LVA,1
VULNERABLE_IND,MAMMAL,LVA,2
VULNERABLE_IND,BIRD,LVA,16
VULNERABLE_IND,REPTILE,LVA,0
VULNERABLE_IND,AMPHIBIAN,LVA,1
VULNERABLE_IND,VASCULAR_PLANT,LVA,83
VULNERABLE_IND,FISH_TOT,LVA,1
VULNERABLE_IND,FRESHW_F,LVA,1
THREATENED_IND,MAMMAL,LVA,5
THREATENED_IND,BIRD,LVA,39
THREATENED_IND,REPTILE,LVA,2
THREATENED_IND,AMPHIBIAN,LVA,3
THREATENED_IND,VASCULAR_PLANT,LVA,209
THREATENED_IND,FISH_TOT,LVA,2
THREATENED_IND,MARINE_F,LVA,1
THREATENED_IND,FRESHW_F,LVA,1
THREAT_PERCENT,MAMMAL,LVA,8.065
THREAT_PERCENT,BIRD,LVA,16.738
THREAT_PERCENT,REPTILE,LVA,28.571
THREAT_PERCENT,AMPHIBIAN,LVA,30.769
THREAT_PERCENT,VASCULAR_PLANT,LVA,10.79
THREAT_PERCENT,FISH_TOT,LVA,2.299
THREAT_PERCENT,MARINE_F,LVA,2.381
THREAT_PERCENT,FRESHW_F,LVA,2.222
IND_PERCENT,MAMMAL,LVA,9.259
IND_PERCENT,BIRD,LVA,16.883
IND_PERCENT,REPTILE,LVA,28.571
IND_PERCENT,AMPHIBIAN,LVA,23.077
IND_PERCENT,VASCULAR_PLANT,LVA,16.028
IND_PERCENT,FISH_TOT,LVA,2.778
IND_PERCENT,MARINE_F,LVA,3.704
IND_PERCENT,FRESHW_F,LVA,2.222
ENDANGERED,MAMMAL,BRA,43
ENDANGERED,BIRD,BRA,71
ENDANGERED,REPTILE,BRA,50
ENDANGERED,AMPHIBIAN,BRA,12
ENDANGERED,FISH_TOT,BRA,126
ENDANGERED,MARINE_F,BRA,14
ENDANGERED,FRESHW_F,BRA,112
ENDANGERED,INVERTEB,BRA,104
CRITICAL,MAMMAL,BRA,12
CRITICAL,BIRD,BRA,42
CRITICAL,REPTILE,BRA,10
CRITICAL,AMPHIBIAN,BRA,18
CRITICAL,FISH_TOT,BRA,135
CRITICAL,MARINE_F,BRA,34
CRITICAL,FRESHW_F,BRA,101
CRITICAL,INVERTEB,BRA,101
VULNERABLE,MAMMAL,BRA,55
VULNERABLE,BIRD,BRA,120
VULNERABLE,REPTILE,BRA,20
VULNERABLE,AMPHIBIAN,BRA,11
VULNERABLE,FISH_TOT,BRA,148
VULNERABLE,MARINE_F,BRA,50
VULNERABLE,FRESHW_F,BRA,98
VULNERABLE,INVERTEB,BRA,94
THREATENED,MAMMAL,BRA,110
THREATENED,BIRD,BRA,234
THREATENED,REPTILE,BRA,80
THREATENED,AMPHIBIAN,BRA,38
THREATENED,FISH_TOT,BRA,409
THREATENED,MARINE_F,BRA,98
THREATENED,FRESHW_F,BRA,311
THREATENED,INVERTEB,BRA,299
TOT_KNOWN,MOSS,AUS,976
TOT_KNOWN,LICHEN,AUS,3495
TOT_KNOWN,INVERTEB,AUS,98703
ENDANGERED,INVERTEB,AUS,22
CRITICAL,INVERTEB,AUS,28
VULNERABLE,MOSS,AUS,1
VULNERABLE,INVERTEB,AUS,11
THREATENED,MOSS,AUS,1
THREATENED,INVERTEB,AUS,61
THREAT_PERCENT,MOSS,AUS,0.102
THREAT_PERCENT,INVERTEB,AUS,0.062
TOT_KNOWN,MOSS,BEL,521
TOT_KNOWN,LICHEN,BEL,838
TOT_KNOWN,INVERTEB,BEL,5238
TOT_KNOWN_IND,MOSS,BEL,521
TOT_KNOWN_IND,LICHEN,BEL,838
TOT_KNOWN_IND,INVERTEB,BEL,5227
ENDANGERED,INVERTEB,BEL,201
CRITICAL,INVERTEB,BEL,135
VULNERABLE,INVERTEB,BEL,230
THREATENED,MOSS,BEL,140
THREATENED,LICHEN,BEL,495
THREATENED,INVERTEB,BEL,566
ENDANGERED_IND,INVERTEB,BEL,201
CRITICAL_IND,INVERTEB,BEL,135
VULNERABLE_IND,INVERTEB,BEL,230
THREATENED_IND,MOSS,BEL,140
THREATENED_IND,LICHEN,BEL,495
THREATENED_IND,INVERTEB,BEL,566
THREAT_PERCENT,MOSS,BEL,26.871
THREAT_PERCENT,LICHEN,BEL,59.069
THREAT_PERCENT,INVERTEB,BEL,10.806
IND_PERCENT,MOSS,BEL,26.871
IND_PERCENT,LICHEN,BEL,59.069
IND_PERCENT,INVERTEB,BEL,10.828
TOT_KNOWN,MOSS,CZE,863
TOT_KNOWN,LICHEN,CZE,1497
TOT_KNOWN,INVERTEB,CZE,32627
ENDANGERED,MOSS,CZE,88
ENDANGERED,LICHEN,CZE,184
ENDANGERED,INVERTEB,CZE,1706
CRITICAL,MOSS,CZE,70
CRITICAL,LICHEN,CZE,130
CRITICAL,INVERTEB,CZE,1420
VULNERABLE,MOSS,CZE,93
VULNERABLE,LICHEN,CZE,246
VULNERABLE,INVERTEB,CZE,2253
THREATENED,MOSS,CZE,251
THREATENED,LICHEN,CZE,560
THREATENED,INVERTEB,CZE,5379
THREAT_PERCENT,MOSS,CZE,29.085
THREAT_PERCENT,LICHEN,CZE,37.408
THREAT_PERCENT,INVERTEB,CZE,16.486
TOT_KNOWN,LICHEN,DNK,676
TOT_KNOWN,INVERTEB,DNK,3731
ENDANGERED,LICHEN,DNK,57
ENDANGERED,INVERTEB,DNK,156
CRITICAL,LICHEN,DNK,143
CRITICAL,INVERTEB,DNK,96
VULNERABLE,LICHEN,DNK,99
VULNERABLE,INVERTEB,DNK,272
THREATENED,LICHEN,DNK,299
THREATENED,INVERTEB,DNK,524
THREAT_PERCENT,LICHEN,DNK,44.231
THREAT_PERCENT,INVERTEB,DNK,14.044
TOT_KNOWN,MOSS,IRL,596
TOT_KNOWN,INVERTEB,IRL,1193
ENDANGERED,MOSS,IRL,30
ENDANGERED,INVERTEB,IRL,51
CRITICAL,MOSS,IRL,19
CRITICAL,INVERTEB,IRL,27
VULNERABLE,MOSS,IRL,64
VULNERABLE,INVERTEB,IRL,97
THREATENED,MOSS,IRL,113
THREATENED,INVERTEB,IRL,175
THREAT_PERCENT,MOSS,IRL,18.96
THREAT_PERCENT,INVERTEB,IRL,14.669
TOT_KNOWN,MOSS,JPN,1800
TOT_KNOWN,LICHEN,JPN,1600
TOT_KNOWN,INVERTEB,JPN,5300
ENDANGERED,MOSS,JPN,138
ENDANGERED,LICHEN,JPN,41
ENDANGERED,INVERTEB,JPN,22
VULNERABLE,MOSS,JPN,103
VULNERABLE,LICHEN,JPN,20
VULNERABLE,INVERTEB,JPN,43
THREATENED,MOSS,JPN,241
THREATENED,LICHEN,JPN,61
THREATENED,INVERTEB,JPN,65
THREAT_PERCENT,MOSS,JPN,13.389
THREAT_PERCENT,LICHEN,JPN,3.813
THREAT_PERCENT,INVERTEB,JPN,1.226
TOT_KNOWN,MOSS,KOR,925
TOT_KNOWN,LICHEN,KOR,1133
TOT_KNOWN_IND,MAMMAL,NLD,53
TOT_KNOWN_IND,BIRD,NLD,168
TOT_KNOWN_IND,REPTILE,NLD,7
TOT_KNOWN_IND,VASCULAR_PLANT,NLD,1395
TOT_KNOWN_IND,MOSS,NLD,517
TOT_KNOWN_IND,LICHEN,NLD,683
TOT_KNOWN_IND,INVERTEB,NLD,176
ENDANGERED_IND,MAMMAL,NLD,3
ENDANGERED_IND,BIRD,NLD,12
ENDANGERED_IND,REPTILE,NLD,0
ENDANGERED_IND,AMPHIBIAN,NLD,2
ENDANGERED_IND,VASCULAR_PLANT,NLD,117
ENDANGERED_IND,MOSS,NLD,27
ENDANGERED_IND,LICHEN,NLD,42
ENDANGERED_IND,INVERTEB,NLD,18
CRITICAL_IND,MAMMAL,NLD,2
CRITICAL_IND,BIRD,NLD,9
CRITICAL_IND,REPTILE,NLD,1
CRITICAL_IND,VASCULAR_PLANT,NLD,71
CRITICAL_IND,MOSS,NLD,52
CRITICAL_IND,LICHEN,NLD,49
CRITICAL_IND,INVERTEB,NLD,25
VULNERABLE_IND,MAMMAL,NLD,6
VULNERABLE_IND,BIRD,NLD,19
VULNERABLE_IND,REPTILE,NLD,4
VULNERABLE_IND,AMPHIBIAN,NLD,3
VULNERABLE_IND,VASCULAR_PLANT,NLD,168
VULNERABLE_IND,MOSS,NLD,43
VULNERABLE_IND,LICHEN,NLD,65
VULNERABLE_IND,INVERTEB,NLD,11
THREATENED_IND,MAMMAL,NLD,11
THREATENED_IND,BIRD,NLD,40
THREATENED_IND,REPTILE,NLD,5
THREATENED_IND,VASCULAR_PLANT,NLD,356
THREATENED_IND,MOSS,NLD,122
THREATENED_IND,LICHEN,NLD,156
THREATENED_IND,INVERTEB,NLD,54
IND_PERCENT,MAMMAL,NLD,20.755
IND_PERCENT,BIRD,NLD,23.81
IND_PERCENT,REPTILE,NLD,71.429
IND_PERCENT,VASCULAR_PLANT,NLD,25.52
IND_PERCENT,MOSS,NLD,23.598
IND_PERCENT,LICHEN,NLD,22.84
IND_PERCENT,INVERTEB,NLD,30.682
TOT_KNOWN,MOSS,ESP,1100
TOT_KNOWN,LICHEN,ESP,2426
TOT_KNOWN_IND,MOSS,ESP,1100
TOT_KNOWN_IND,LICHEN,ESP,2426
TOT_KNOWN_IND,INVERTEB,ESP,57000
ENDANGERED,MOSS,ESP,52
ENDANGERED,INVERTEB,ESP,52
CRITICAL,MOSS,ESP,46
CRITICAL,INVERTEB,ESP,18
VULNERABLE,MOSS,ESP,161
VULNERABLE,INVERTEB,ESP,203
THREATENED,MOSS,ESP,259
THREATENED,INVERTEB,ESP,273
ENDANGERED_IND,MOSS,ESP,52
ENDANGERED_IND,INVERTEB,ESP,52
CRITICAL_IND,MOSS,ESP,46
CRITICAL_IND,INVERTEB,ESP,18
VULNERABLE_IND,MOSS,ESP,161
VULNERABLE_IND,INVERTEB,ESP,203
THREATENED_IND,MOSS,ESP,259
THREATENED_IND,INVERTEB,ESP,273
THREAT_PERCENT,MOSS,ESP,23.545
IND_PERCENT,MOSS,ESP,23.545
IND_PERCENT,INVERTEB,ESP,0.479
TOT_KNOWN,MARINE_F,SWE,100
TOT_KNOWN,FRESHW_F,SWE,42
TOT_KNOWN_IND,MARINE_F,SWE,100
TOT_KNOWN_IND,FRESHW_F,SWE,42
ENDANGERED,MARINE_F,SWE,6
ENDANGERED,FRESHW_F,SWE,1
CRITICAL,MARINE_F,SWE,6
VULNERABLE,MARINE_F,SWE,7
VULNERABLE,FRESHW_F,SWE,1
THREATENED,MARINE_F,SWE,19
THREATENED,FRESHW_F,SWE,2
ENDANGERED_IND,MARINE_F,SWE,6
ENDANGERED_IND,FRESHW_F,SWE,1
CRITICAL_IND,MARINE_F,SWE,6
VULNERABLE_IND,MARINE_F,SWE,7
VULNERABLE_IND,FRESHW_F,SWE,1
THREATENED_IND,MARINE_F,SWE,19
THREATENED_IND,FRESHW_F,SWE,2
THREAT_PERCENT,MARINE_F,SWE,19
THREAT_PERCENT,FRESHW_F,SWE,4.762
IND_PERCENT,MARINE_F,SWE,19
IND_PERCENT,FRESHW_F,SWE,4.762
THREATENED,MOSS,GBR,123
TOT_KNOWN,MAMMAL,CRI,250
TOT_KNOWN,BIRD,CRI,912
TOT_KNOWN,REPTILE,CRI,241
TOT_KNOWN,AMPHIBIAN,CRI,201
TOT_KNOWN,VASCULAR_PLANT,CRI,9500
TOT_KNOWN,MARINE_F,CRI,1458
TOT_KNOWN,FRESHW_F,CRI,271
TOT_KNOWN,LICHEN,CRI,1337
TOT_KNOWN,INVERTEB,CRI,103491
ENDANGERED,MAMMAL,CRI,7
ENDANGERED,BIRD,CRI,6
ENDANGERED,REPTILE,CRI,3
ENDANGERED,AMPHIBIAN,CRI,10
ENDANGERED,VASCULAR_PLANT,CRI,40
ENDANGERED,MARINE_F,CRI,2
CRITICAL,BIRD,CRI,1
CRITICAL,REPTILE,CRI,5
CRITICAL,AMPHIBIAN,CRI,24
CRITICAL,VASCULAR_PLANT,CRI,8
CRITICAL,MARINE_F,CRI,2
VULNERABLE,MAMMAL,CRI,7
VULNERABLE,BIRD,CRI,15
VULNERABLE,REPTILE,CRI,7
VULNERABLE,AMPHIBIAN,CRI,7
VULNERABLE,VASCULAR_PLANT,CRI,83
VULNERABLE,FRESHW_F,CRI,1
THREATENED,MAMMAL,CRI,14
THREATENED,BIRD,CRI,22
THREATENED,REPTILE,CRI,15
THREATENED,AMPHIBIAN,CRI,41
THREATENED,VASCULAR_PLANT,CRI,131
THREATENED,MARINE_F,CRI,4
THREATENED,FRESHW_F,CRI,1
THREAT_PERCENT,MAMMAL,CRI,5.6
THREAT_PERCENT,BIRD,CRI,2.412
THREAT_PERCENT,REPTILE,CRI,6.224
THREAT_PERCENT,AMPHIBIAN,CRI,20.398
THREAT_PERCENT,VASCULAR_PLANT,CRI,1.379
THREAT_PERCENT,MARINE_F,CRI,0.274
THREAT_PERCENT,FRESHW_F,CRI,0.369
TOT_KNOWN,MOSS,LVA,560
TOT_KNOWN,LICHEN,LVA,687
TOT_KNOWN,INVERTEB,LVA,17100
TOT_KNOWN_IND,MOSS,LVA,559
TOT_KNOWN_IND,LICHEN,LVA,687
TOT_KNOWN_IND,INVERTEB,LVA,17000
ENDANGERED_IND,MOSS,LVA,41
ENDANGERED_IND,LICHEN,LVA,18
ENDANGERED_IND,INVERTEB,LVA,38
CRITICAL_IND,MOSS,LVA,3
CRITICAL_IND,LICHEN,LVA,2
CRITICAL_IND,INVERTEB,LVA,7
VULNERABLE_IND,MOSS,LVA,17
VULNERABLE_IND,LICHEN,LVA,4
VULNERABLE_IND,INVERTEB,LVA,34
THREATENED_IND,MOSS,LVA,61
THREATENED_IND,LICHEN,LVA,24
THREATENED_IND,INVERTEB,LVA,79
THREAT_PERCENT,MOSS,LVA,10.893
THREAT_PERCENT,LICHEN,LVA,3.493
THREAT_PERCENT,INVERTEB,LVA,0.462
IND_PERCENT,MOSS,LVA,10.912
IND_PERCENT,LICHEN,LVA,3.493
IND_PERCENT,INVERTEB,LVA,0.465
TOT_KNOWN,MAMMAL,LTU,68
TOT_KNOWN,BIRD,LTU,389
TOT_KNOWN,REPTILE,LTU,7
TOT_KNOWN,AMPHIBIAN,LTU,13
TOT_KNOWN,VASCULAR_PLANT,LTU,1334
TOT_KNOWN,FISH_TOT,LTU,105
TOT_KNOWN,MARINE_F,LTU,51
TOT_KNOWN,FRESHW_F,LTU,54
TOT_KNOWN,MOSS,LTU,470
TOT_KNOWN,LICHEN,LTU,250
TOT_KNOWN,INVERTEB,LTU,25000
TOT_KNOWN_IND,MAMMAL,LTU,59
TOT_KNOWN_IND,BIRD,LTU,368
TOT_KNOWN_IND,REPTILE,LTU,7
TOT_KNOWN_IND,AMPHIBIAN,LTU,13
TOT_KNOWN_IND,VASCULAR_PLANT,LTU,786
TOT_KNOWN_IND,FISH_TOT,LTU,85
TOT_KNOWN_IND,MARINE_F,LTU,49
TOT_KNOWN_IND,FRESHW_F,LTU,36
ENDANGERED,MAMMAL,LTU,3
ENDANGERED,BIRD,LTU,17
ENDANGERED,REPTILE,LTU,1
ENDANGERED,AMPHIBIAN,LTU,1
ENDANGERED,VASCULAR_PLANT,LTU,66
ENDANGERED,FISH_TOT,LTU,0
ENDANGERED,MARINE_F,LTU,0
ENDANGERED,FRESHW_F,LTU,0
ENDANGERED,MOSS,LTU,13
ENDANGERED,LICHEN,LTU,16
ENDANGERED,INVERTEB,LTU,54
VULNERABLE,MAMMAL,LTU,4
VULNERABLE,BIRD,LTU,20
VULNERABLE,REPTILE,LTU,1
VULNERABLE,AMPHIBIAN,LTU,1
VULNERABLE,VASCULAR_PLANT,LTU,41
VULNERABLE,FISH_TOT,LTU,2
VULNERABLE,MARINE_F,LTU,0
VULNERABLE,FRESHW_F,LTU,2
VULNERABLE,MOSS,LTU,26
VULNERABLE,LICHEN,LTU,3
VULNERABLE,INVERTEB,LTU,22
THREATENED,MAMMAL,LTU,7
THREATENED,BIRD,LTU,56
THREATENED,REPTILE,LTU,2
THREATENED,AMPHIBIAN,LTU,2
THREATENED,VASCULAR_PLANT,LTU,130
THREATENED,FISH_TOT,LTU,5
THREATENED,MARINE_F,LTU,1
THREATENED,FRESHW_F,LTU,4
THREATENED,MOSS,LTU,48
THREATENED,LICHEN,LTU,43
THREATENED,INVERTEB,LTU,89
ENDANGERED_IND,MAMMAL,LTU,3
ENDANGERED_IND,BIRD,LTU,17
ENDANGERED_IND,REPTILE,LTU,1
ENDANGERED_IND,AMPHIBIAN,LTU,1
ENDANGERED_IND,VASCULAR_PLANT,LTU,66
ENDANGERED_IND,FISH_TOT,LTU,0
ENDANGERED_IND,MARINE_F,LTU,0
ENDANGERED_IND,FRESHW_F,LTU,0
ENDANGERED_IND,MOSS,LTU,13
ENDANGERED_IND,LICHEN,LTU,16
ENDANGERED_IND,INVERTEB,LTU,54
VULNERABLE_IND,MAMMAL,LTU,4
VULNERABLE_IND,BIRD,LTU,20
VULNERABLE_IND,REPTILE,LTU,1
VULNERABLE_IND,AMPHIBIAN,LTU,1
VULNERABLE_IND,VASCULAR_PLANT,LTU,41
VULNERABLE_IND,FISH_TOT,LTU,2
VULNERABLE_IND,MARINE_F,LTU,0
VULNERABLE_IND,FRESHW_F,LTU,2
VULNERABLE_IND,MOSS,LTU,26
VULNERABLE_IND,LICHEN,LTU,3
VULNERABLE_IND,INVERTEB,LTU,22
THREATENED_IND,MAMMAL,LTU,7
THREATENED_IND,BIRD,LTU,56
THREATENED_IND,REPTILE,LTU,2
THREATENED_IND,AMPHIBIAN,LTU,2
THREATENED_IND,VASCULAR_PLANT,LTU,130
THREATENED_IND,FISH_TOT,LTU,5
THREATENED_IND,MARINE_F,LTU,1
THREATENED_IND,FRESHW_F,LTU,4
THREATENED_IND,MOSS,LTU,48
THREATENED_IND,LICHEN,LTU,43
THREATENED_IND,INVERTEB,LTU,89
THREAT_PERCENT,MAMMAL,LTU,10.294
THREAT_PERCENT,BIRD,LTU,14.396
THREAT_PERCENT,REPTILE,LTU,28.571
THREAT_PERCENT,VASCULAR_PLANT,LTU,9.745
THREAT_PERCENT,FISH_TOT,LTU,4.762
THREAT_PERCENT,MARINE_F,LTU,1.961
THREAT_PERCENT,MOSS,LTU,10.213
THREAT_PERCENT,LICHEN,LTU,17.2
THREAT_PERCENT,INVERTEB,LTU,0.356
IND_PERCENT,MAMMAL,LTU,11.864
IND_PERCENT,BIRD,LTU,15.217
IND_PERCENT,REPTILE,LTU,28.571
IND_PERCENT,VASCULAR_PLANT,LTU,16.539
IND_PERCENT,FISH_TOT,LTU,5.882
IND_PERCENT,MARINE_F,LTU,2.041
IND_PERCENT,FRESHW_F,LTU,11.111
ENDANGERED_IND,MAMMAL,AUS,37
ENDANGERED_IND,AMPHIBIAN,AUS,14
ENDANGERED_IND,VASCULAR_PLANT,AUS,527
ENDANGERED_IND,FISH_TOT,AUS,16
ENDANGERED_IND,MARINE_F,AUS,2
ENDANGERED_IND,FRESHW_F,AUS,14
ENDANGERED_IND,INVERTEB,AUS,22
CRITICAL_IND,MAMMAL,AUS,5
CRITICAL_IND,AMPHIBIAN,AUS,5
CRITICAL_IND,VASCULAR_PLANT,AUS,148
CRITICAL_IND,FISH_TOT,AUS,8
CRITICAL_IND,MARINE_F,AUS,3
CRITICAL_IND,FRESHW_F,AUS,5
CRITICAL_IND,INVERTEB,AUS,28
VULNERABLE_IND,MAMMAL,AUS,67
VULNERABLE_IND,AMPHIBIAN,AUS,10
VULNERABLE_IND,VASCULAR_PLANT,AUS,587
VULNERABLE_IND,FISH_TOT,AUS,24
VULNERABLE_IND,MARINE_F,AUS,8
VULNERABLE_IND,FRESHW_F,AUS,16
VULNERABLE_IND,MOSS,AUS,1
VULNERABLE_IND,INVERTEB,AUS,11
THREATENED_IND,MAMMAL,AUS,109
THREATENED_IND,BIRD,AUS,133
THREATENED_IND,REPTILE,AUS,61
THREATENED_IND,AMPHIBIAN,AUS,29
THREATENED_IND,VASCULAR_PLANT,AUS,1262
THREATENED_IND,FISH_TOT,AUS,48
THREATENED_IND,MARINE_F,AUS,13
THREATENED_IND,FRESHW_F,AUS,35
THREATENED_IND,MOSS,AUS,1
THREATENED_IND,INVERTEB,AUS,61
IND_PERCENT,VASCULAR_PLANT,AUS,7.057
TOT_KNOWN,MOSS,AUT,1016
TOT_KNOWN,LICHEN,AUT,2100
TOT_KNOWN,INVERTEB,AUT,45244
TOT_KNOWN_IND,MOSS,AUT,1016
TOT_KNOWN_IND,LICHEN,AUT,2100
TOT_KNOWN_IND,INVERTEB,AUT,45244
ENDANGERED,MOSS,AUT,69
ENDANGERED,LICHEN,AUT,135
ENDANGERED,INVERTEB,AUT,310
CRITICAL,MOSS,AUT,34
CRITICAL,LICHEN,AUT,57
CRITICAL,INVERTEB,AUT,302
VULNERABLE,MOSS,AUT,135
VULNERABLE,LICHEN,AUT,251
VULNERABLE,INVERTEB,AUT,356
THREATENED,MOSS,AUT,238
THREATENED,LICHEN,AUT,443
THREATENED,INVERTEB,AUT,968
ENDANGERED_IND,MOSS,AUT,69
ENDANGERED_IND,LICHEN,AUT,135
ENDANGERED_IND,INVERTEB,AUT,310
CRITICAL_IND,MOSS,AUT,34
CRITICAL_IND,LICHEN,AUT,57
CRITICAL_IND,INVERTEB,AUT,302
VULNERABLE_IND,MOSS,AUT,135
VULNERABLE_IND,LICHEN,AUT,251
VULNERABLE_IND,INVERTEB,AUT,356
THREATENED_IND,MOSS,AUT,238
THREATENED_IND,LICHEN,AUT,443
THREATENED_IND,INVERTEB,AUT,968
THREAT_PERCENT,MOSS,AUT,23.425
THREAT_PERCENT,LICHEN,AUT,21.095
THREAT_PERCENT,INVERTEB,AUT,2.14
IND_PERCENT,MOSS,AUT,23.425
IND_PERCENT,LICHEN,AUT,21.095
IND_PERCENT,INVERTEB,AUT,2.14
TOT_KNOWN,INVERTEB,FRA,1060
ENDANGERED,FISH_TOT,FRA,2
ENDANGERED,INVERTEB,FRA,22
CRITICAL,VASCULAR_PLANT,FRA,49
CRITICAL,FISH_TOT,FRA,4
CRITICAL,INVERTEB,FRA,18
VULNERABLE,FISH_TOT,FRA,9
VULNERABLE,INVERTEB,FRA,179
THREATENED,FISH_TOT,FRA,15
THREATENED,INVERTEB,FRA,219
THREAT_PERCENT,VASCULAR_PLANT,FRA,51.866
THREAT_PERCENT,FISH_TOT,FRA,21.739
THREAT_PERCENT,INVERTEB,FRA,20.66
ENDANGERED_IND,INVERTEB,IRL,51
CRITICAL_IND,INVERTEB,IRL,27
VULNERABLE_IND,INVERTEB,IRL,97
THREATENED_IND,INVERTEB,IRL,175
TOT_KNOWN,MOSS,ITA,1169
TOT_KNOWN,LICHEN,ITA,2704
THREATENED,MOSS,ITA,367
THREATENED,LICHEN,ITA,276
THREAT_PERCENT,MOSS,ITA,31.394
THREAT_PERCENT,LICHEN,ITA,10.207
TOT_KNOWN,INVERTEB,TUR,20636
TOT_KNOWN,LICHEN,CAN,857
TOT_KNOWN_IND,LICHEN,CAN,856
CRITICAL,MOSS,CAN,75
CRITICAL,LICHEN,CAN,70
CRITICAL_IND,MOSS,CAN,75
CRITICAL_IND,LICHEN,CAN,70
THREAT_PERCENT,LICHEN,CAN,21.47
IND_PERCENT,LICHEN,CAN,21.495
CRITICAL,VASCULAR_PLANT,HUN,115
CRITICAL_IND,VASCULAR_PLANT,HUN,115
ENDANGERED,MARINE_F,IRL,5
CRITICAL,MARINE_F,IRL,6
VULNERABLE,MARINE_F,IRL,6
THREATENED,MARINE_F,IRL,17
ENDANGERED_IND,MARINE_F,IRL,5
CRITICAL_IND,MARINE_F,IRL,6
VULNERABLE_IND,MARINE_F,IRL,6
THREATENED_IND,MARINE_F,IRL,17
THREAT_PERCENT,MARINE_F,IRL,4.521
IND_PERCENT,MARINE_F,IRL,4.521
TOT_KNOWN,LICHEN,TUR,1000
THREATENED,INVERTEB,TUR,89
THREAT_PERCENT,INVERTEB,TUR,0.431
TOT_KNOWN,AMPHIBIAN,BRA,877
THREAT_PERCENT,AMPHIBIAN,BRA,4.333
TOT_KNOWN,INVERTEB,CAN,19938
TOT_KNOWN_IND,INVERTEB,CAN,18908
ENDANGERED,INVERTEB,CAN,295
CRITICAL,INVERTEB,CAN,205
VULNERABLE,INVERTEB,CAN,765
THREATENED,INVERTEB,CAN,1265
ENDANGERED_IND,INVERTEB,CAN,295
CRITICAL_IND,INVERTEB,CAN,205
VULNERABLE_IND,INVERTEB,CAN,765
THREATENED_IND,INVERTEB,CAN,1265
THREAT_PERCENT,INVERTEB,CAN,6.345
IND_PERCENT,INVERTEB,CAN,6.69
TOT_KNOWN,MOSS,HUN,659
TOT_KNOWN,LICHEN,HUN,715
TOT_KNOWN,INVERTEB,HUN,87
TOT_KNOWN_IND,MOSS,HUN,657
TOT_KNOWN_IND,LICHEN,HUN,715
TOT_KNOWN_IND,INVERTEB,HUN,87
ENDANGERED,MOSS,HUN,90
ENDANGERED,LICHEN,HUN,44
ENDANGERED,INVERTEB,HUN,7
CRITICAL,MOSS,HUN,20
CRITICAL,LICHEN,HUN,24
CRITICAL,INVERTEB,HUN,9
VULNERABLE,MOSS,HUN,63
VULNERABLE,LICHEN,HUN,45
VULNERABLE,INVERTEB,HUN,8
THREATENED,MOSS,HUN,173
THREATENED,LICHEN,HUN,113
THREATENED,INVERTEB,HUN,24
ENDANGERED_IND,MOSS,HUN,90
ENDANGERED_IND,LICHEN,HUN,44
ENDANGERED_IND,INVERTEB,HUN,7
CRITICAL_IND,MOSS,HUN,20
CRITICAL_IND,LICHEN,HUN,24
CRITICAL_IND,INVERTEB,HUN,9
VULNERABLE_IND,MOSS,HUN,63
VULNERABLE_IND,LICHEN,HUN,45
VULNERABLE_IND,INVERTEB,HUN,8
THREATENED_IND,MOSS,HUN,173
THREATENED_IND,LICHEN,HUN,113
THREATENED_IND,INVERTEB,HUN,24
THREAT_PERCENT,MOSS,HUN,26.252
THREAT_PERCENT,LICHEN,HUN,15.804
THREAT_PERCENT,INVERTEB,HUN,27.586
IND_PERCENT,MOSS,HUN,26.332
IND_PERCENT,LICHEN,HUN,15.804
IND_PERCENT,INVERTEB,HUN,27.586
TOT_KNOWN,FISH_TOT,JPN,4300
TOT_KNOWN,MARINE_F,JPN,3900
ENDANGERED,FISH_TOT,JPN,60
ENDANGERED,MARINE_F,JPN,6
CRITICAL,FISH_TOT,JPN,79
CRITICAL,MARINE_F,JPN,8
VULNERABLE,FISH_TOT,JPN,46
VULNERABLE,MARINE_F,JPN,2
THREATENED,FISH_TOT,JPN,185
THREATENED,MARINE_F,JPN,16
THREAT_PERCENT,FISH_TOT,JPN,4.302
THREAT_PERCENT,MARINE_F,JPN,0.41
CRITICAL,INVERTEB,LUX,7
TOT_KNOWN,MOSS,GBR,805
THREAT_PERCENT,MOSS,GBR,15.28
CRITICAL,BIRD,LTU,19
CRITICAL,VASCULAR_PLANT,LTU,23
CRITICAL,FISH_TOT,LTU,3
CRITICAL,MARINE_F,LTU,1
CRITICAL,FRESHW_F,LTU,2
CRITICAL,MOSS,LTU,9
CRITICAL,LICHEN,LTU,24
CRITICAL,INVERTEB,LTU,13
CRITICAL_IND,BIRD,LTU,19
CRITICAL_IND,VASCULAR_PLANT,LTU,23
CRITICAL_IND,FISH_TOT,LTU,3
CRITICAL_IND,MARINE_F,LTU,1
CRITICAL_IND,FRESHW_F,LTU,2
CRITICAL_IND,MOSS,LTU,9
CRITICAL_IND,LICHEN,LTU,24
CRITICAL_IND,INVERTEB,LTU,13
THREAT_PERCENT,AMPHIBIAN,LTU,15.385
THREAT_PERCENT,FRESHW_F,LTU,7.407
IND_PERCENT,AMPHIBIAN,LTU,15.385
